Sample,Date,Time,Counted by,Site,DO (mg/L),Saturation (%),Temperature (?C),N,NH3-N,NH4-N,pH,NO2,PO4,
59,11/02/2019,20:48:00,Pertunia,After Drumfilter,,,,,,,,,,
62,11/02/2019,22:26:00,Pertunia,After Drumfilter,,,,,,,,,,
65,12/02/2019,08:30:00,Pertunia,After Drumfilter,9.23,,11.2,,,,,,,
67,12/02/2019,10:30:00,Pertunia,After Drumfilter,,,,,,,,,,
69,12/02/2019,11:00:00,Pertunia,After Drumfilter,,,,,,,,,,
71,12/02/2019,11:00:00,Pertunia,After Drumfilter,,,,,,,,,,
74,12/02/2019,12:00:00,Pertunia,After Drumfilter,8.44,,14.7,,,,,,,
76,12/02/2019,18:30:00,Pertunia,After Drumfilter,8.62,87,15.2,,,,,,,
82,12/02/2019,19:45:00,Pertunia,After Drumfilter,,,,,,,,,,
85,12/02/2019,22:40:00,Share',After Drumfilter,,,,,,,,,,
87,13/02/2019,00:04:00,Share',After Drumfilter,,,,,,,,,,
89,13/02/2019,02:52:00,Share',After Drumfilter,,,,,,,,,,
91,13/02/2019,06:45:00,Werner,After Drumfilter,,,,,,,,,,
93,13/02/2019,09:31:00,Pertunia,After Drumfilter,8.18,75.5,13.5,,,,,,,
96,13/02/2019,10:50:00,Pertunia,After Drumfilter,,,,,,,,,,
105,13/02/2019,16:51:00,Lorna,After Drumfilter,9.16,95.5,15.6,,,,,,,
112,13/02/2019,22:50:00,Pertunia,After Drumfilter,,,,,,,,,,
118,14/02/2019,00:05:00,Pertunia,After Drumfilter,8.33,86.9,13.8,,,,,,,
120,14/02/2019,02:58:00,Pertunia,After Drumfilter,9.43,80.9,13.1,,,,,,,
121,14/02/2019,04:28:00,Pertunia,After Drumfilter,10.2,99.8,12.9,,,,,,,
124,14/02/2019,06:10:00,Pertunia,After Drumfilter,9.61,89.2,12.3,,,,,,,
126,14/02/2019,07:50:00,Lorna,After Drumfilter,9.53,86.6,11.9,,,,,,,
130,14/02/2019,10:06:00,Lorna,After Drumfilter,9.25,760,12.6,,,,,,,
132,14/02/2019,11:04:00,Lorna,After Drumfilter,8.88,83.9,12.3,,,,,,,
134,14/02/2019,12:04:00,Lorna,After Drumfilter,8.08,76.1,13.3,,,,,,,
136,14/02/2019,13:05:00,Lorna,After Drumfilter,8.69,80,13.5,,,,,,,
138,14/02/2019,14:22:00,Lorna,After Drumfilter,8.99,81.1,13.4,,,,,,,
140,14/02/2019,15:30:00,Lorna,After Drumfilter,8.3,81.2,12.1,,,,,,,
141,14/02/2019,16:30:00,Lorna,After Drumfilter,8.3,81.2,12.1,,,,,,,
143,14/02/2019,18:20:00,Pertunia,After Drumfilter,7.96,75.2,12.4,,,,,,,
145,14/02/2019,19:55:00,Pertunia,After Drumfilter,8.41,84.5,12.8,,,,,,,
147,14/02/2019,21:00:00,Pertunia,After Drumfilter,8.43,79.4,12.6,,,,,,,
149,15/02/2019,00:05:00,Pertunia,After Drumfilter,8.1,76.2,12.4,,,,,,,
151,15/02/2019,02:19:00,Pertunia,After Drumfilter,8.53,80.8,12.7,,,,,,,
153,15/02/2019,04:36:00,Pertunia,After Drumfilter,8.2,77.2,11.8,,,,,,,
156,15/02/2019,10:01:00,Ruan,After Drumfilter,8.95,74.1,11.1,,,,,,,
158,15/02/2019,11:07:00,Ruan,After Drumfilter,8.82,81.7,12.1,,,,,,,
159,15/02/2019,11:10:00,Ruan,After Drumfilter,8.82,81.7,12.1,,,,,,,
161,15/02/2019,12:15:00,Ruan,After Drumfilter,9.24,83.4,10.8,,,,,,,
163,15/02/2019,13:00:00,Ruan,After Drumfilter,9.45,84.5,10.8,,,,,,,
165,16/02/2019,08:20:00,Pertunia,After Drumfilter,9.25,84.4,11.4,,,,,,,
167,17/02/2019,11:15:00,Sarah,After Drumfilter,10.5,98.9,14.2,,,,,,,
169,17/02/2019,12:44:00,Sarah,After Drumfilter,9.45,90.2,14.4,0.54,0.65,0.7,,,,
170,17/02/2019,15:00:00,Sarah,After Drumfilter,9,88.1,15,0.61,0.74,0.79,,,,
171,17/02/2019,18:00:00,Pertunia,After Drumfilter,8.99,89.1,15.1,0.24,0.29,0.31,8.12,,,
176,17/02/2019,20:38:00,Pertunia,After Drumfilter,,,,0.68,0.82,0.88,7.8,,,
179,17/02/2019,22:40:00,Pertunia,After Drumfilter,,,,,,,,,,
187,18/02/2019,01:00:00,Pertunia,After Drumfilter,9.55,92.4,15.6,,,,,,,
193,18/02/2019,02:00:00,Pertunia,After Drumfilter,8.13,79.6,14.7,,,,,,,
195,18/02/2019,03:00:00,Pertunia,After Drumfilter,,,,,,,,,,
197,18/02/2019,04:00:00,Pertunia,After Drumfilter,8.51,82.2,13.8,,,,,,,
199,18/02/2019,05:00:00,Pertunia,After Drumfilter,8.52,80.7,13.3,,,,,,,
201,18/02/2019,07:45:00,Sarah,After Drumfilter,8.97,86.5,13.6,,,,,,,
203,18/02/2019,09:50:00,Sarah,After Drumfilter,9.21,87.6,13.1,0.01,0.01,0.01,7.64,,,
205,18/02/2019,12:00:00,Sarah,After Drumfilter,9.8,84.2,13.2,,,,,,,
207,18/02/2019,14:00:00,Sarah,After Drumfilter,9.98,96.6,13.8,,,,,,,
209,18/02/2019,15:30:00,Sarah,After Drumfilter,9.44,88.4,14.4,,,,,,,
211,18/02/2019,16:15:00,Sarah,After Drumfilter,9.03,88.2,14.7,,,,,,,
213,18/02/2019,18:00:00,Pertunia,After Drumfilter,9.2,89.8,14.8,,,,,,,
215,18/02/2019,19:10:00,Pertunia,After Drumfilter,9.38,91.8,14.5,,,,,,,
217,18/02/2019,21:00:00,Pertunia,After Drumfilter,8.3,80.6,14.2,0.6,0.73,0.77,7.82,,,
222,19/02/2019,00:05:00,Sarah,After Drumfilter,8.79,83.5,13.8,,,,,,,
224,19/02/2019,02:00:00,Sarah,After Drumfilter,8.57,88,13.1,0,0,0,7.15,,,
227,19/02/2019,04:00:00,Sarah,After Drumfilter,8.48,78.3,12.6,,,,,,,
229,19/02/2019,07:44:00,Lorna,After Drumfilter,8.3,96.4,11.8,,,,,,,
231,19/02/2019,09:50:00,Lorna,After Drumfilter,9.58,84.3,11.2,,,,,,,
233,19/02/2019,11:16:00,Lorna,After Drumfilter,8..69,77.9,112.6,,,,,,,
235,19/02/2019,12:06:00,Lorna,After Drumfilter,9.74,90.1,11.8,,,,,,,
237,19/02/2019,14:36:00,Lorna,After Drumfilter,9.45,92.4,13.6,,,,,,,
239,19/02/2019,15:36:00,Lorna,After Drumfilter,8.94,82.9,14.2,,,,,,,
241,19/02/2019,17:30:00,Sarah,After Drumfilter,9.22,91,14.6,,,,,,,
243,19/02/2019,19:00:00,Sarah,After Drumfilter,9.29,88.5,14.3,,,,,,,
245,19/02/2019,21:00:00,Sarah,After Drumfilter,9.02,77.8,14.2,,,,,,,
247,19/02/2019,23:00:00,Sarah,After Drumfilter,8.78,79.1,13.4,,,,,,,
249,20/02/2019,01:00:00,Sarah,After Drumfilter,8.9,78.1,12.1,,,,,,,
251,20/02/2019,03:00:00,Sarah,After Drumfilter,8.66,75.5,11.5,,,,,,,
253,20/02/2019,05:00:00,Sarah,After Drumfilter,8.89,77.5,12.1,,,,,,,
255,20/02/2019,07:51:00,Sarah,After Drumfilter,9.74,89.7,11.4,,,,,,,
257,20/02/2019,09:08:00,Lorna,After Drumfilter,9.11,86.8,12.8,,0.01,,8.14,,,
262,20/02/2019,15:23:00,Pertunia,After Drumfilter,9.73,95.4,15.5,,,,,,,
264,20/02/2019,18:00:00,Pertunia,After Drumfilter,9.79,95.5,14.5,,,,,,,
265,20/02/2019,18:00:00,Pertunia,After Drumfilter,9.79,95.5,14.5,,,,,,,
267,20/02/2019,19:00:00,Pertunia,After Drumfilter,,,,,,,,,,
269,20/02/2019,21:00:00,Pertunia,After Drumfilter,8.88,83.4,12.8,,,,,,,
271,20/02/2019,23:00:00,Pertunia,After Drumfilter,8.04,78,14,,,,,,,
273,21/02/2019,01:00:00,Pertunia,After Drumfilter,7.91,74.3,13,,,,,,,
275,21/02/2019,03:00:00,Pertunia,After Drumfilter,9.43,87.9,12.5,,,,,,,
277,21/02/2019,06:00:00,Pertunia,After Drumfilter,7.67,71.7,12.5,,,,,,,
281,21/02/2019,11:45:00,Sarah,After Drumfilter,,,,,,,,,,
283,21/02/2019,12:30:00,Sarah,After Drumfilter,8.85,85.9,14.8,,,,,,,
286,21/02/2019,13:15:00,Sarah,After Drumfilter,8.94,87.8,14.5,,,,,,,
289,21/02/2019,14:10:00,Sarah,After Drumfilter,9.11,89.7,14.4,,,,,,,
292,21/02/2019,15:00:00,Sarah,After Drumfilter,8.94,89.2,14.8,,,,,,,
294,21/02/2019,16:00:00,Sarah,After Drumfilter,8.74,89.2,14.7,,,,,,,
296,21/02/2019,18:00:00,Pertunia,After Drumfilter,8.51,83.2,14.9,,,,,,,
298,21/02/2019,20:00:00,Pertunia,After Drumfilter,8.19,81.4,15.4,,,,,,,
300,21/02/2019,22:00:00,Pertunia,After Drumfilter,8.39,88.3,15.8,,,,7.65,,,
302,22/02/2019,00:00:00,Pertunia,After Drumfilter,7.77,7.65,14.9,,,,7.6,,,
304,22/02/2019,02:54:00,Pertunia,After Drumfilter,8.35,83.9,15.3,,,,,,,
306,22/02/2019,06:00:00,Pertunia,After Drumfilter,7.41,73,14.6,,,,,,,
308,22/02/2019,07:45:00,Sarah,After Drumfilter,8.5,82.3,13.7,,,,,,,
313,22/02/2019,11:10:00,Sarah,After Drumfilter,8.47,82.7,13.9,,,,,,,
315,22/02/2019,12:15:00,Sarah,After Drumfilter,9.41,89.2,12.1,,,,,,,
317,22/02/2019,13:03:00,Sarah,After Drumfilter,9.52,87.9,11.8,,,,,,,
319,22/02/2019,13:45:00,Abonga,After Drumfilter,7.88,71.9,11.3,,,,,,,
321,22/02/2019,14:45:00,Sarah,After Drumfilter,9,87.9,12.3,,,,,,,
323,22/02/2019,16:00:00,Sarah,After Drumfilter,9.03,87.6,12.6,,,,,,,
326,22/02/2019,17:30:00,Sarah,After Drumfilter,,,,,,,,,,
329,22/02/2019,18:30:00,Pertunia,After Drumfilter,8.69,84.5,14.1,,,,,,,
331,22/02/2019,19:30:00,Pertunia,After Drumfilter,8.73,84.5,14,,,,,,,
333,22/02/2019,21:11:00,Pertunia,After Drumfilter,8.69,82,12.9,,,,,,,
335,22/02/2019,23:00:00,Pertunia,After Drumfilter,8.61,80.6,12.5,,,,,,,
337,23/02/2019,01:00:00,Pertunia,After Drumfilter,9.6,85.7,12.5,,,,,,,
339,23/02/2019,04:45:00,Pertunia,After Drumfilter,9.21,87.1,12.3,,,,,,,
341,23/02/2019,07:45:00,Lorna,After Drumfilter,9.05,84.9,21.3,,,,,,,
344,23/02/2019,09:15:00,Lorna,After Drumfilter,9.22,84.5,13.1,,,,,,,
346,23/02/2019,10:15:00,Lorna,After Drumfilter,8.51,82.7,13.1,,,,,,,
348,23/02/2019,11:12:00,Lorna,After Drumfilter,8.98,84.3,13.3,,,,,,,
350,23/02/2019,12:12:00,Lorna,After Drumfilter,8.98,84.3,13.4,,,,,,,
352,23/02/2019,,Lorna,After Drumfilter,9.05,82.6,13.9,,,,,,,
354,23/02/2019,13:07:00,Lorna,After Drumfilter,,,,,,,,,,
356,23/02/2019,15:05:00,Lorna,After Drumfilter,8.94,83.2,13.8,,,,,,,
358,23/02/2019,15:42:00,Lorna,After Drumfilter,,,,,,,,,,
360,23/02/2019,16:27:00,Lorna,After Drumfilter,8.84,88.7,15.4,,,,,,,
363,23/02/2019,19:00:00,Pertunia,After Drumfilter,7.65,75.7,15,,,,,,,
365,23/02/2019,20:00:00,Pertunia,After Drumfilter,7.77,74.1,13.4,,,,,,,
367,23/02/2019,22:00:00,Pertunia,After Drumfilter,8.18,76.5,12.4,,,,,,,
369,24/02/2019,00:00:00,Pertunia,After Drumfilter,8.27,77.9,12.7,,,,,,,
371,24/02/2019,02:00:00,Pertunia,After Drumfilter,8.95,86,13.7,,,,,,,
373,24/02/2019,04:00:00,Pertunia,After Drumfilter,8.35,81.2,14.3,,,,,,,
375,24/02/2019,06:00:00,Pertunia,After Drumfilter,8.43,79.3,12.8,,,,,,,
377,24/02/2019,08:10:00,Lorna,After Drumfilter,8.25,75.9,12.9,,,,,,,
379,24/02/2019,09:11:00,Lorna,After Drumfilter,9.15,77.2,13.2,,,,,,,
381,24/02/2019,10:41:00,Lorna,After Drumfilter,8.89,88.9,13.2,,,,,,,
383,24/02/2019,11:51:00,Lorna,After Drumfilter,8.94,84.1,13.3,,,,,,,
385,24/02/2019,12:56:00,Lorna,After Drumfilter,8.63,83.2,13.5,,,,,,,
387,24/02/2019,14:40:00,Lorna,After Drumfilter,8.76,86.1,13.7,,,,,,,
390,24/02/2019,17:00:00,Pertunia,After Drumfilter,8.56,83.1,13.8,,,,,,,
392,24/02/2019,19:00:00,Pertunia,After Drumfilter,7.58,72.9,13.7,,,,,,,
394,24/02/2019,21:00:00,Pertunia,After Drumfilter,8.03,79.8,12.2,,,,,,,
396,24/02/2019,23:00:00,Pertunia,After Drumfilter,8.7,88.7,16.5,,,,,,,
398,25/02/2019,01:00:00,Pertunia,After Drumfilter,7.81,77.1,14.9,,,,,,,
400,25/02/2019,03:00:00,Pertunia,After Drumfilter,7.36,71.6,14.3,,,,,,,
402,25/02/2019,05:00:00,Pertunia,After Drumfilter,7.75,74.7,13.7,,,,,,,
405,25/02/2019,08:00:00,Sarah,After Drumfilter,,,,,,,,,,
407,25/02/2019,09:00:00,Sarah,After Drumfilter,8.63,85.6,14.9,,,,,,,
409,25/02/2019,10:10:00,Sarah,After Drumfilter,,,,,,,,,,
411,25/02/2019,11:30:00,Sarah,After Drumfilter,,,,,,,,,,
412,25/02/2019,12:00:00,Sarah,After Drumfilter,,,,,,,,,,
415,25/02/2019,14:30:00,Sarah,After Drumfilter,,,,,,,,,,
419,25/02/2019,23:00:00,Pertunia,After Drumfilter,7.09,73,16.8,,,,,,,
425,26/02/2019,01:00:00,Pertunia,After Drumfilter,7.21,76.3,15.5,,,,,,,
431,26/02/2019,03:00:00,Pertunia,After Drumfilter,6.54,67.6,16.6,,,,,,,
433,26/02/2019,05:00:00,Pertunia,After Drumfilter,,,,,,,,,,
435,26/02/2019,06:00:00,Pertunia,After Drumfilter,5.8,57.5,15.7,,,,,,,
437,26/02/2019,07:45:00,Sarah,After Drumfilter,6.29,64.4,16.1,,,,,,,
440,26/02/2019,09:30:00,Sarah,After Drumfilter,6.01,61.5,16.4,,,,,,,
443,26/02/2019,10:45:00,Sarah,After Drumfilter,,,,,,,,,,
446,26/02/2019,13:30:00,Sarah,After Drumfilter,6.52,65.8,16.6,,,,,,,
448,26/02/2019,14:10:00,Sarah,After Drumfilter,6.58,68.4,16.9,,,,,,,
450,26/02/2019,16:20:00,Sarah,After Drumfilter,7.51,73.4,17.2,,,,,,,
459,26/02/2019,18:00:00,Pertunia,After Drumfilter,8.6,88.3,16.9,,,,,,,
472,26/02/2019,20:00:00,Pertunia,After Drumfilter,7.55,78.5,16.7,,,,,,,
474,26/02/2019,20:00:00,Pertunia,After Drumfilter,,,,,,,,,,
476,26/02/2019,22:30:00,Pertunia,After Drumfilter,,,,,,,,,,
478,26/02/2019,12:20:00,Pertunia,After Drumfilter,8.78,88.8,16.1,,,,,,,
480,27/02/2019,02:00:00,Pertunia,After Drumfilter,9.71,95.6,15.5,,,,,,,
482,27/02/2019,04:00:00,Pertunia,After Drumfilter,8.55,86.2,15.9,,,,,,,
484,27/02/2019,08:00:00,Sarah,After Drumfilter,8.16,88.1,16.3,,,,,,,
486,27/02/2019,09:00:00,Lorna,After Drumfilter,8.02,96.4,16.4,,,,,,,
489,27/02/2019,11:00:00,Sarah,After Drumfilter,7.88,80.3,16.3,,,,,,,
491,27/02/2019,12:00:00,Sarah,After Drumfilter,8.72,87,16.2,,,,,,,
493,27/02/2019,13:16:00,Sarah,After Drumfilter,8.5,88.1,16.3,,,,,,,
496,27/02/2019,16:10:00,Sarah,After Drumfilter,8.72,88.4,16.3,,,,,,,
502,27/02/2019,18:00:00,Pertunia,After Drumfilter,,,,,,,,,,
504,27/02/2019,19:00:00,Pertunia,After Drumfilter,9.13,91.7,15.8,,,,,,,
506,27/02/2019,08:00:00,Pertunia,After Drumfilter,8.9,89.3,15.8,,,,,,,
508,27/02/2019,21:00:00,Pertunia,After Drumfilter,9.2,92.2,15.8,,,,,,,
510,27/02/2019,23:00:00,Pertunia,After Drumfilter,8.85,89.1,16,,,,,,,
512,28/02/2019,01:00:00,Pertunia,After Drumfilter,8.88,88.2,16.1,,,,,,,
514,28/02/2019,03:00:00,Pertunia,After Drumfilter,8.76,88.6,16.1,,,,,,,
516,28/02/2019,05:00:00,Pertunia,After Drumfilter,8.54,85.8,16,,,,,,,
518,28/02/2019,07:45:00,Sarah,After Drumfilter,8.31,85.4,15.9,,,,,,,
520,28/02/2019,09:00:00,Sarah,After Drumfilter,8.81,88.2,15.9,,,,,,,
524,28/02/2019,11:45:00,Sarah,After Drumfilter,8.75,90.1,16,,,,,,,
526,28/02/2019,13:10:00,Sarah,After Drumfilter,8.7,90.8,16.3,,,,,,,
530,28/02/2019,15:15:00,Sarah,After Drumfilter,9.14,92.5,15.9,,,,,,,
532,28/02/2019,18:00:00,Pertunia,After Drumfilter,8.78,88.8,16.1,,,,,,,
534,28/02/2019,21:10:00,Sarah,After Drumfilter,8.77,87.5,15.8,,,,,,,
536,01/03/2019,01:00:00,Sarah,After Drumfilter,8.94,88.7,16.2,,,,,,,
538,01/03/2019,08:00:00,Pertunia,After Drumfilter,8.91,88.4,15.9,,,,,,,
541,01/03/2019,09:30:00,Pertunia,After Drumfilter,9.03,89.9,16,,,,,,,
543,01/03/2019,11:30:00,Pertunia,After Drumfilter,9.45,96.1,16.3,,,,,,,
545,01/03/2019,14:00:00,Pertunia,After Drumfilter,9.1,92.6,16.4,,,,,,,
547,01/03/2019,17:50:00,Sarah,After Drumfilter,9.03,96.1,17.4,,,,,,,
549,01/03/2019,22:00:00,Sarah,After Drumfilter,8.88,94.8,17.7,,,,,,,
551,02/03/2019,02:00:00,Sarah,After Drumfilter,9.01,96,17.3,,,,,,,
554,02/03/2019,10:00:00,Sarah,After Drumfilter,9.04,85.8,16.8,,,,,,,
556,02/03/2019,14:00:00,Sarah,After Drumfilter,8.97,90.5,16.8,,,,,,,
558,02/03/2019,18:00:00,Sarah,After Drumfilter,9.02,96.8,17.1,,,,,,,
560,02/03/2019,00:00:00,Sarah,After Drumfilter,9.05,95.7,17.5,,,,,,,
562,03/03/2019,06:00:00,Sarah,After Drumfilter,9.15,96.1,16.5,,,,,,,
564,03/03/2019,10:00:00,Lorna,After Drumfilter,8.98,87.6,16.5,,,,,,,
566,03/03/2019,14:00:00,Lorna,After Drumfilter,8.68,89.7,17.6,,,,,,,
568,03/03/2019,18:00:00,Sarah,After Drumfilter,8.86,92.3,18.1,,,,,,,
571,04/03/2019,08:00:00,Pertunia,After Drumfilter,9.17,95,17,,,,,,,
573,04/03/2019,13:00:00,Pertunia,After Drumfilter,7.81,79.8,16.5,,,,,,,
575,04/03/2019,17:00:00,Pertunia,After Drumfilter,8.12,83.9,17.2,,,,,,,
577,05/03/2019,08:00:00,Sarah,After Drumfilter,9.36,94.5,15.8,,,,,,,
585,05/03/2019,12:30:00,Sarah,After Drumfilter,9.17,97.7,17.6,,,,,,,
589,05/03/2019,14:15:00,Sarah,After Drumfilter,9.34,96.9,17.7,,,,,,,
591,05/03/2019,15:00:00,Sarah,After Drumfilter,8.08,88.6,17.9,,,,,,,
593,05/03/2019,16:00:00,Sarah,After Drumfilter,8.04,84.8,18,,,,,,,
595,05/03/2019,17:00:00,Sarah,After Drumfilter,8.36,89.4,18.1,,,,,,,
597,05/03/2019,20:00:00,Pertunia,After Drumfilter,8.21,86.5,17.8,,,,8.15,0.001,0.14,
599,05/03/2019,22:00:00,Pertunia,After Drumfilter,8.46,88.1,17.4,,,,,,,
601,05/03/2019,00:00:00,Pertunia,After Drumfilter,8.09,84.2,17.2,,,,,,,
603,06/03/2019,02:00:00,Pertunia,After Drumfilter,8.25,84.7,16.6,,,,,,,
605,06/03/2019,04:00:00,Pertunia,After Drumfilter,8.06,82.1,16,,,,,,,
607,06/03/2019,07:44:00,Lorna,After Drumfilter,8.36,89.4,18.1,,,,,,,
609,06/03/2019,10:30:00,Sarah,After Drumfilter,9.16,91.6,15,,,,,,,
611,06/03/2019,12:00:00,Sarah,After Drumfilter,9.5,97.5,15.8,,,,,,,
615,06/03/2019,16:00:00,Lorna,After Drumfilter,8.51,88.9,17.5,,,,,,,
620,06/03/2019,20:00:00,Pertunia,After Drumfilter,,,,,,,,,,
623,06/03/2019,22:00:00,Pertunia,After Drumfilter,,,,,,,,,,
625,06/03/2019,23:00:00,Pertunia,After Drumfilter,8.91,90.4,16.4,,,,,,,
627,07/03/2019,00:00:00,Pertunia,After Drumfilter,8.45,85.1,16,,,,,,,
629,07/03/2019,02:00:00,Pertunia,After Drumfilter,8.12,82.3,16.4,,,,,,,
631,07/03/2019,04:00:00,Pertunia,After Drumfilter,8.75,89.6,16.6,,,,,,,
633,07/03/2019,07:40:00,Lorna,After Drumfilter,8.52,89.3,16.7,,,,,,,
635,07/03/2019,09:39:00,Sarah,After Drumfilter,,,,,,,,,,
637,07/03/2019,11:45:00,Sarah,After Drumfilter,8.9,91.2,17.3,,,,,,,
639,07/03/2019,12:30:00,Sarah,After Drumfilter,,,,,,,,,,
641,07/03/2019,14:15:00,Sarah,After Drumfilter,8.73,86.4,17.6,,,,,,,
643,07/03/2019,15:00:00,Sarah,After Drumfilter,,,,,,,,,,
645,07/03/2019,16:00:00,Sarah,After Drumfilter,,,,,,,,,,
647,07/03/2019,17:00:00,Sarah,After Drumfilter,,,,,,,,,,
649,07/03/2019,20:00:00,Pertunia,After Drumfilter,8.53,87.5,17.2,,,,,,,
651,07/03/2019,21:00:00,Pertunia,After Drumfilter,8.51,87.2,17.1,,,,,,,
653,07/03/2019,22:00:00,Pertunia,After Drumfilter,8.21,83.4,16.7,,,,,,,
655,07/03/2019,23:00:00,Pertunia,After Drumfilter,8.54,86.1,16.4,,,,,,,
657,07/03/2019,00:00:00,Pertunia,After Drumfilter,8.29,83.4,16.3,,,,,,,
659,08/03/2019,01:00:00,Pertunia,After Drumfilter,8.35,83.8,16.3,,,,,,,
661,08/03/2019,02:00:00,Pertunia,After Drumfilter,,,,,,,,,,
664,08/03/2019,04:00:00,Pertunia,After Drumfilter,,,,,,,,,,
666,08/03/2019,05:00:00,Pertunia,After Drumfilter,,,,,,,,,,
668,08/03/2019,07:00:00,Sarah,After Drumfilter,8.89,87.8,16.3,,,,,,,
670,08/03/2019,09:00:00,Sarah,After Drumfilter,8.31,80.2,15.9,,,,,,,
672,08/03/2019,10:45:00,Sarah,After Drumfilter,,,,,,,,,,
674,08/03/2019,15:00:00,Sarah,After Drumfilter,,,,,,,,,,
676,08/03/2019,17:00:00,Sarah,After Drumfilter,,,,,,,,,,
677,08/03/2019,18:00:00,Sarah,After Drumfilter,,,,,,,,,,
679,08/03/2019,19:30:00,Pertunia,After Drumfilter,8.35,85.4,16.6,,,,,,,
681,08/03/2019,20:00:00,Pertunia,After Drumfilter,8.54,86.3,16.2,,,,,,,
683,08/03/2019,22:00:00,Pertunia,After Drumfilter,,,,,,,,,,
685,08/03/2019,03:00:00,Pertunia,After Drumfilter,,,,,,,,,,
687,08/03/2019,23:00:00,Pertunia,After Drumfilter,,,,,,,,,,
689,08/03/2019,00:00:00,Pertunia,After Drumfilter,,,,,,,,,,
691,09/03/2019,01:00:00,Pertunia,After Drumfilter,,,,,,,,,,
693,09/03/2019,02:00:00,Pertunia,After Drumfilter,,,,,,,,,,
695,09/03/2019,03:00:00,Pertunia,After Drumfilter,,,,,,,,,,
697,09/03/2019,05:00:00,Pertunia,After Drumfilter,,,,,,,,,,
699,09/03/2019,07:45:00,Sarah,After Drumfilter,9.84,94.1,13.5,,,,,,,
701,09/03/2019,09:00:00,Sarah,After Drumfilter,9.82,83.8,13.7,,,,,,,
707,09/03/2019,11:15:00,Sarah,After Drumfilter,8.18,79,13.7,,,,,,,
709,09/03/2019,13:30:00,Sarah,After Drumfilter,9.88,94.5,13.4,,,,,,,
712,09/03/2019,18:00:00,Sarah,After Drumfilter,9.15,91.3,14.2,,,,,,,
714,09/03/2019,20:00:00,Pertunia,After Drumfilter,8.26,82.1,15.3,,,,,,,
716,09/03/2019,22:00:00,Pertunia,After Drumfilter,8.3,82.4,15.4,,,,,,,
718,09/03/2019,23:00:00,Pertunia,After Drumfilter,8.99,89,15.2,,,,,,,
720,10/03/2019,01:00:00,Pertunia,After Drumfilter,8.6,85,15.1,,,,,,,
722,10/03/2019,03:00:00,Pertunia,After Drumfilter,8.13,78.7,14.2,,,,,,,
724,10/03/2019,05:00:00,Pertunia,After Drumfilter,8.38,79.3,13.2,,,,,,,
726,10/03/2019,07:30:00,Sarah,After Drumfilter,9.87,92.6,12.4,,,,,,,
728,10/03/2019,10:00:00,Sarah,After Drumfilter,9.46,92.7,12,,,,,,,
730,10/03/2019,18:00:00,Pertunia,After Drumfilter,10.27,93.9,11.7,,,,,,,
732,10/03/2019,22:00:00,Pertunia,After Drumfilter,10.76,95.7,10.4,,,,,,,
734,11/03/2019,02:00:00,Sarah,After Drumfilter,10.06,88.4,10.2,,,,,,,
736,11/03/2019,07:30:00,Sarah,After Drumfilter,8.94,94,9.5,,,,,,,
738,11/03/2019,12:00:00,Chriss-Mart,After Drumfilter,10.03,90.3,11.2,,,,,,,
740,11/03/2019,17:00:00,Pertunia,After Drumfilter,9.8,87.6,9.96,,,,,,,
742,11/03/2019,00:00:00,Pertunia,After Drumfilter,10.26,90.1,9.6,,,,,,,
745,12/03/2019,11:00:00,Sarah,After Drumfilter,9.06,79.7,10.2,,,,,,,
751,12/03/2019,16:00:00,Chriss-Mart,After Drumfilter,10.53,95.5,10.4,,,,,,,
753,13/03/2019,07:30:00,Chriss-Mart,After Drumfilter,9.9,89.9,10.1,,,,,,,
758,14/03/2019,12:00:00,Chriss-Mart,After Drumfilter,,,,,,,,,,
770,18/03/2019,22:30:00,Pertunia,After Drumfilter,,,,,,,,,,
772,18/03/2019,11:30:00,Pertunia,After Drumfilter,,,,,,,,,,
774,19/03/2019,12:30:00,Pertunia,After Drumfilter,,,,,,,,,,
776,19/03/2019,01:30:00,Pertunia,After Drumfilter,,,,,,,,,,
778,19/03/2019,02:30:00,Pertunia,After Drumfilter,,,,,,,,,,
780,19/03/2019,03:30:00,Pertunia,After Drumfilter,,,,,,,,,,
782,19/03/2019,04:30:00,Pertunia,After Drumfilter,,,,,,,,,,
784,19/03/2019,06:00:00,Pertunia,After Drumfilter,,,,,,,,,,
786,19/03/2019,07:30:00,Sarah,After Drumfilter,,,,,,,,,,
788,19/03/2019,08:30:00,Sarah,After Drumfilter,,,,,,,,,,
790,19/03/2019,09:30:00,Sarah,After Drumfilter,,,,,,,,,,
792,19/03/2019,10:30:00,Sarah,After Drumfilter,,,,,,,,,,
794,19/03/2019,12:30:00,Sarah,After Drumfilter,,,,,,,,,,
796,19/03/2019,14:30:00,Sarah,After Drumfilter,,,,,,,,,,
798,19/03/2019,16:30:00,Sarah,After Drumfilter,,,,,,,,,,
800,19/03/2019,18:30:00,Pertunia,After Drumfilter,,,,,,,,,,
802,19/03/2019,19:30:00,Pertunia,After Drumfilter,,,,,,,,,,
804,19/03/2019,21:00:00,Pertunia,After Drumfilter,,,,,,,,,,
806,19/03/2019,22:30:00,Pertunia,After Drumfilter,,,,,,,,,,
808,20/03/2019,18:30:00,Pertunia,After Drumfilter,,,,,,,,,,
810,20/03/2019,20:15:00,Pertunia,After Drumfilter,,,,,,,,,,
812,20/03/2019,22:00:00,Pertunia,After Drumfilter,,,,,,,,,,
814,20/03/2019,00:00:00,Pertunia,After Drumfilter,,,,,,,,,,
816,21/03/2019,02:00:00,Pertunia,After Drumfilter,,,,,,,,,,
818,21/03/2019,04:00:00,Pertunia,After Drumfilter,,,,,,,,,,
820,21/03/2019,05:00:00,Pertunia,After Drumfilter,,,,,,,,,,
822,21/03/2019,07:30:00,Lorna,After Drumfilter,,,14.4,,,,,,,
824,21/03/2019,09:30:00,Lorna,After Drumfilter,,,15.4,,,,,,,
826,21/03/2019,11:00:00,Lorna,After Drumfilter,,,15.4,,,,,,,
828,21/03/2019,13:45:00,Sarah,After Drumfilter,,,,,,,,,,
831,21/03/2019,16:30:00,Sarah,After Drumfilter,,,,,,,,,,
836,21/03/2019,22:00:00,Pertunia,After Drumfilter,,,,,,,,,,
838,21/03/2019,23:00:00,Pertunia,After Drumfilter,,,,,,,,,,
840,21/03/2019,00:00:00,Pertunia,After Drumfilter,,,,,,,,,,
842,22/03/2019,01:00:00,Pertunia,After Drumfilter,,,,,,,,,,
844,22/03/2019,02:00:00,Pertunia,After Drumfilter,,,,,,,,,,
846,22/03/2019,03:00:00,Pertunia,After Drumfilter,,,,,,,,,,
848,22/03/2019,04:00:00,Pertunia,After Drumfilter,,,,,,,,,,
850,22/03/2019,05:00:00,Pertunia,After Drumfilter,,,,,,,,,,
854,22/03/2019,09:00:00,Lorna,After Drumfilter,,,,,,,,,,
856,22/03/2019,09:50:00,Lorna,After Drumfilter,,,,,,,,,,
858,22/03/2019,11:00:00,Lorna,After Drumfilter,,,,,,,,,,
860,22/03/2019,12:00:00,Lorna,After Drumfilter,,,11.8,,,,,,,
862,22/03/2019,13:00:00,Lorna,After Drumfilter,,,12.1,,,,,,,
863,22/03/2019,15:00:00,Sarah,After Drumfilter,,,,,,,,,,
866,22/03/2019,17:00:00,Sarah,After Drumfilter,,,,,,,,,,
868,22/03/2019,17:30:00,Sarah,After Drumfilter,,,,,,,,,,
873,22/03/2019,18:30:00,Sarah,After Drumfilter,,,,,,,,,,
881,23/03/2019,03:00:00,Sarah,After Drumfilter,,,,,,,,,,
884,23/03/2019,07:45:00,Lorna,After Drumfilter,,,10.5,,,,,,,
886,23/03/2019,08:50:00,Lorna,After Drumfilter,,,,,,,,,,
888,23/03/2019,10:00:00,Lorna,After Drumfilter,,,,,,,,,,
890,23/03/2019,11:00:00,Lorna,After Drumfilter,,,,,,,,,,
892,23/03/2019,12:00:00,Lorna,After Drumfilter,,,10.5,,,,,,,
894,23/03/2019,14:00:00,Werner,After Drumfilter,,,10,,,,,,,
896,23/03/2019,16:00:00,Werner,After Drumfilter,,,,,,,,,,
898,23/03/2019,18:00:00,Sarah,After Drumfilter,,,11,,,,,,,
900,24/03/2019,07:45:00,Lorna,After Drumfilter,,,10,,,,,,,
902,24/03/2019,16:00:00,Werner,After Drumfilter,,,10,,,,,,,
904,24/03/2019,17:00:00,Werner,After Drumfilter,,,10,,,,,,,
909,24/03/2019,20:00:00,Pertunia,After Drumfilter,,,12,,,,,,,
910,24/03/2019,20:00:00,Pertunia,After Drumfilter,,,,,,,,,,
915,24/03/2019,22:00:00,Pertunia,After Drumfilter,,,13,,,,,,,
918,24/03/2019,23:00:00,Pertunia,After Drumfilter,,,13,,,,,,,
920,24/03/2019,00:00:00,Pertunia,After Drumfilter,,,,,,,,,,
922,25/03/2019,01:00:00,Pertunia,After Drumfilter,,,,,,,,,,
923,25/03/2019,01:00:00,Pertunia,After Drumfilter,,,,,,,,,,
924,25/03/2019,01:00:00,Pertunia,After Drumfilter,,,,,,,,,,
926,25/03/2019,07:30:00,Lorna,After Drumfilter,,,10.5,,,,,,,
928,25/03/2019,14:00:00,Sarah,After Drumfilter,,,,,,,,,,
931,25/03/2019,18:30:00,Pertunia,After Drumfilter,,,11,,,,,,,
934,25/03/2019,08:40:00,Pertunia,After Drumfilter,,,,,,,,,,
936,25/03/2019,22:40:00,Pertunia,After Drumfilter,,,,,,,,,,
938,25/03/2019,23:55:00,Pertunia,After Drumfilter,,,,,,,,,,
940,26/03/2019,01:40:00,Pertunia,After Drumfilter,,,,,,,,,,
942,26/03/2019,03:10:00,Pertunia,After Drumfilter,,,,,,,,,,
944,26/03/2019,05:05:00,Pertunia,After Drumfilter,,,,,,,,,,
946,26/03/2019,08:00:00,Sarah,After Drumfilter,,,,,,,,,,
948,26/03/2019,09:15:00,Sarah,After Drumfilter,,,,,,,,,,
950,26/03/2019,10:20:00,Sarah,After Drumfilter,,,,,,,,,,
952,26/03/2019,12:00:00,Sarah,After Drumfilter,,,,,,,,,,
960,26/03/2019,18:05:00,Pertunia,After Drumfilter,,,,,,,,,,
962,26/03/2019,07:25:00,Pertunia,After Drumfilter,,,,,,,,,,
964,26/03/2019,08:25:00,Pertunia,After Drumfilter,,,10,,,,,,,
966,26/03/2019,09:25:00,Pertunia,After Drumfilter,,,,,,,,,,
968,26/03/2019,23:25:00,Pertunia,After Drumfilter,,,10,,,,,,,
970,27/03/2019,06:00:00,Sarah,After Drumfilter,,,,,,,,,,
972,27/02/2019,07:45:00,Sarah,After Drumfilter,,,,,,,,,,
976,27/03/2019,13:00:00,Sarah,After Drumfilter,,,,,,,,,,
979,27/03/2019,17:00:00,Sarah,After Drumfilter,,,,,,,,,,
981,27/03/2019,18:30:00,Pertunia,After Drumfilter,,,10,,,,,,,
983,27/03/2019,20:00:00,Pertunia,After Drumfilter,,,,,,,,,,
985,27/03/2019,20:40:00,Pertunia,After Drumfilter,,,,,,,,,,
987,27/03/2019,21:30:00,Pertunia,After Drumfilter,,,,,,,,,,
989,27/03/2019,23:00:00,Pertunia,After Drumfilter,,,,,,,,,,
991,28/03/2019,00:00:00,Pertunia,After Drumfilter,,,,,,,,,,
993,28/03/2019,07:30:00,Lorna,After Drumfilter,,,,,,,,,,
997,28/03/2019,10:00:00,Pertunia,After Drumfilter,,,,,,,,,,
1001,28/03/2019,13:00:00,Pertunia,After Drumfilter,,,,,,,,,,
1003,28/03/2019,15:00:00,Lorna,After Drumfilter,,,,,,,,,,
1006,28/03/2019,16:00:00,Lorna,After Drumfilter,,,,,,,,,,
1008,28/03/2019,17:00:00,Sarah,After Drumfilter,,,,,,,,,,
1010,28/03/2019,19:00:00,Sarah,After Drumfilter,,,,,,,,,,
1012,28/03/2019,20:00:00,Sarah,After Drumfilter,,,,,,,,,,
1014,28/03/2019,21:00:00,Sarah,After Drumfilter,,,,,,,,,,
1017,28/03/2019,22:00:00,Sarah,After Drumfilter,,,,,,,,,,
1019,28/03/2019,23:00:00,Sarah,After Drumfilter,,,,,,,,,,
1021,29/03/2019,07:40:00,Pertunia,After Drumfilter,,,15,,,,,,,
1023,29/03/2019,09:30:00,Pertunia,After Drumfilter,,,,,,,,,,
1025,29/03/2019,11:00:00,Lorna,After Drumfilter,,,,,,,,,,
1027,29/03/2019,12:00:00,Lorna,After Drumfilter,,,,,,,,,,
1029,29/03/2019,13:00:00,Sarah,After Drumfilter,,,,,,,,,,
1034,29/03/2019,18:00:00,Sarah,After Drumfilter,,,,,,,,,,
1037,29/03/2019,20:00:00,Sarah,After Drumfilter,,,,,,,,,,
1041,29/03/2019,22:00:00,Sarah,After Drumfilter,,,,,,,,,,
1043,30/03/2019,07:30:00,Lorna,After Drumfilter,,,,,,,,,,
1045,30/03/2019,09:00:00,Lorna,After Drumfilter,,,,,,,,,,
1047,30/03/2019,10:00:00,Lorna,After Drumfilter,,,,,,,,,,
1057,30/03/2019,14:00:00,Lorna,After Drumfilter,,,,,,,,,,
1059,30/03/2019,16:00:00,Lorna,After Drumfilter,,,,,,,,,,
1063,30/03/2019,18:00:00,Pertunia,After Drumfilter,,,,,,,,,,
1065,30/03/2019,19:00:00,Pertunia,After Drumfilter,,,,,,,,,,
1067,30/03/2019,20:30:00,Pertunia,After Drumfilter,,,,,,,,,,
1069,31/03/2019,08:00:00,Pertunia,After Drumfilter,,,,,,,,,,
1074,31/03/2019,13:00:00,Pertunia,After Drumfilter,,,,,,,,,,
1079,01/04/2019,10:00:00,Lorna,After Drumfilter,,,,,,,,,,
1081,01/04/2019,12:00:00,Lorna,After Drumfilter,,,,,,,,,,
1083,01/04/2019,14:00:00,Lorna,After Drumfilter,,,,,,,,,,
1085,01/04/2019,15:00:00,Lorna,After Drumfilter,,,,,,,,,,
1089,01/04/2019,18:00:00,Sarah,After Drumfilter,,,,,,,,,,
1091,01/04/2019,20:00:00,Sarah,After Drumfilter,,,,,,,,,,
1095,01/04/2019,22:00:00,Sarah,After Drumfilter,,,,,,,,,,
1097,02/04/2019,07:45:00,Lorna,After Drumfilter,,,,0.11,0.13,0.14,8.1,,,
1099,02/04/2019,10:00:00,Pertunia,After Drumfilter,,,,,,,,,,
1106,02/04/2019,16:00:00,Pertunia,After Drumfilter,,,,,,,,,,
1108,02/04/2019,17:30:00,Pertunia,After Drumfilter,7.69,90.8,13.5,0.15,0.18,0.19,8.72,,,
1110,02/04/2019,19:00:00,Pertunia,After Drumfilter,,,,,,,,,,
1112,02/04/2019,20:00:00,Pertunia,After Drumfilter,,,,,,,,,,
1114,02/04/2019,22:15:00,Pertunia,After Drumfilter,,,,,,,,,,
1116,03/04/2019,07:40:00,Lorna,After Drumfilter,7.3,84.7,12.5,0.21,0.25,0.27,7.51,,,
1118,03/04/2019,11:00:00,Lorna,After Drumfilter,,,,,,,,,,
1120,03/04/2019,14:00:00,Lorna,After Drumfilter,,,,,,,,,,
1122,03/04/2019,17:00:00,Pertunia,After Drumfilter,,,,0.03,0.04,0.04,8.06,,,
1125,04/04/2019,07:30:00,Lorna,After Drumfilter,,,,0.09,0.11,0.12,7.95,,,
1129,04/04/2019,21:45:00,Sarah,After Drumfilter,,,,,,,,,,
1131,05/04/2019,08:00:00,Pertunia,After Drumfilter,,,,,,,,,,
1135,05/04/2019,14:30:00,Sarah,After Drumfilter,,,,,,,,,,
1137,05/04/2019,08:30:00,Pertunia,After Drumfilter,,,,,,,,,,
1160,14/04/2019,07:30:00,Sarah,After Drumfilter,,,,,,,,,,
1172,17/04/2019,20:30:00,Sarah,After Drumfilter,9.39,95,15.4,,,,,,,
1174,18/04/2019,07:45:00,Sarah,After Drumfilter,9.96,97.1,14,,,,8.22,,,
1181,21/04/2020,13:30:00,Werner,After Drumfilter,,,,,,,,,,
1312,20/11/2019,12:08:00,Pertunia,After Drumfilter,,,,,,,,,,
1314,20/11/2019,15:05:00,Pertunia,After Drumfilter,8.63,87.4,15.7,,,,,,,
1316,21/11/2019,08:10:00,Kabelo,After Drumfilter,,,14.6,,,,,,,
1318,22/11/2019,08:00:00,Kabelo,After Drumfilter,9.16,90.5,15.5,,,,,,,
61,11/02/2019,22:26:00,Pertunia,Amaza,,,,,,,,,,
84,12/02/2019,22:36:00,Share',Amaza,,,,,,,,,,
175,17/02/2019,19:25:00,Pertunia,Amaza 5 settlement,,,,,,,,,,
183,17/02/2019,23:01:00,Pertunia,Amaza 5 settlement,,,,,,,,,,
184,17/02/2019,23:08:00,Pertunia,Amaza 5 settlement,,,,,,,,,,
185,17/02/2019,23:12:00,Pertunia,Amaza 5 settlement,,,,,,,,,,
190,18/02/2019,01:00:00,Pertunia,Amaza 5 settlement,,,,,,,,,,
72,12/02/2019,11:00:00,Pertunia,Bergsig,,,,,,,,,,
1038,29/03/2019,21:15:00,Sarah,Bergsig,,,,,,,,,,
1053,30/03/2019,13:00:00,Lorna,Bergsig,,,,0.31,0.38,0.4,7.86,,,
451,26/02/2019,16:30:00,Sarah,Bergsig effluent,8.23,86.8,17.8,,,,,,,
460,26/02/2019,18:00:00,Pertunia,Bergsig effluent,8.34,88,18,,,,,,,
470,26/02/2019,20:00:00,Pertunia,Bergsig effluent,7.96,82.6,17.4,,,,,,,
77,12/02/2019,18:35:00,Pertunia,Broodstock,8.25,,16.7,,,,,,,
114,13/02/2019,23:18:00,Pertunia,Broodstock,7.62,77.2,16.2,,,,,,,
172,17/02/2019,18:18:00,Pertunia,Broodstock,,,,,,,,,,
178,17/02/2019,22:31:00,Pertunia,Broodstock,,,,,,,,,,
188,18/02/2019,01:00:00,Pertunia,Broodstock,,,,,,,,,,
282,21/02/2019,11:00:00,Sarah,Broodstock,,,,,,,,,,
421,25/02/2019,23:00:00,Pertunia,Broodstock,6.63,71.7,18,,,,,,,
424,26/02/2019,01:00:00,Pertunia,Broodstock,7.17,74.5,17.2,,,,,,,
456,26/02/2019,17:00:00,Sarah,Broodstock,5.67,59.4,18.1,,,,,,,
466,26/02/2019,19:00:00,Pertunia,Broodstock,8.01,85.4,18.8,,,,,,,
497,27/02/2019,12:36:00,Lorna,Broodstock,7.48,77.7,17.5,,,,,,,
527,28/02/2019,13:10:00,Sarah,Broodstock,,,,,,,,,,
702,09/03/2019,10:00:00,Sarah,Broodstock,7.9,78.6,15.8,,,,,,,
749,12/03/2019,11:00:00,Chriss-Mart,Broodstock,8.2,82.7,13.5,0.17,0.21,0.22,7.94,,,
1092,01/04/2019,19:45:00,Sarah,Broodstock,,,,,,,,,,
279,21/02/2019,10:00:00,Sarah,Broodstock ,,,,,,,,,,
287,21/02/2019,13:15:00,Sarah,Broodstock before filter,,,,,,,,,,
290,21/02/2019,14:15:00,Sarah,Broodstock filter,,,,,,,,,,
113,13/02/2019,23:08:00,Pertunia,Hatchery,8.64,91,16.4,,,,,,,
455,26/02/2019,17:00:00,Sarah,Hatchery,6.09,63.9,17.8,,,,,,,
498,27/02/2019,12:36:00,Lorna,Hatchery,8.06,81.9,17.3,,,,,,,
522,28/02/2019,10:45:00,Sarah,Hatchery,,,,,,,,,,
528,28/02/2019,13:10:00,Sarah,Hatchery,,,,,,,,,,
704,09/03/2019,10:00:00,Sarah,Hatchery,9.15,87.6,16.1,,,,,,,
747,12/03/2019,11:00:00,Chriss-Mart,Hatchery,9.35,84.5,10.8,0.03,0.04,0.04,7.35,,,
1050,30/03/2019,12:35:00,Lorna,Hatchery,,,,,0.1,0.1,7.68,,,
173,17/02/2019,19:14:00,Pertunia,Inside Settlement,,,,,,,,,,
189,18/02/2019,01:00:00,Pertunia,Inside Settlement,,,,,,,,,,
469,26/02/2019,20:00:00,Pertunia,Kelp catchers,,,,,,,,,,
617,06/03/2019,18:00:00,Sarah,Kelp catchers,,,,,,,,,,
618,06/03/2019,19:00:00,Sarah,Kelp catchers,,,,,,,,,,
619,06/03/2019,20:00:00,Pertunia,Kelp catchers,,,,,,,,,,
621,06/03/2019,21:00:00,Pertunia,Kelp catchers,,,,,,,,,,
662,08/03/2019,03:00:00,Pertunia,Kelp catchers,,,,,,,,,,
438,26/02/2019,07:45:00,Sarah,kelpcatcher,,,,,,,,,,
280,21/02/2019,11:00:00,Sarah,Kelpcatchers,,,,,,,,,,
832,21/03/2019,18:00:00,Pertunia,Kelpcatchers,,,,,,,,,,
833,21/03/2019,20:00:00,Pertunia,Kelpcatchers,,,,,,,,,,
834,21/03/2019,21:00:00,Pertunia,Kelpcatchers,,,,,,,,,,
932,25/03/2019,18:40:00,Pertunia,Kelpcatchers,,,,,,,,,,
933,25/03/2019,08:30:00,Pertunia,Kelpcatchers,,,,,,,,,,
1093,01/04/2019,19:45:00,Sarah,Larvae,,,,,,,,,,
78,12/02/2019,18:40:00,Pertunia,Nursery,8.15,80.5,15.8,,,,,,,
115,13/02/2019,23:28:00,Pertunia,Nursery,8.68,86.8,15.8,,,,,,,
457,26/02/2019,17:00:00,Sarah,Nursery,5.58,57.4,17.7,,,,,,,
500,27/02/2019,12:36:00,Lorna,Nursery,7.81,79.4,17.7,,,,,,,
703,09/03/2019,10:00:00,Sarah,Nursery,8.68,83.5,14.4,,,,,,,
748,12/03/2019,11:00:00,Chriss-Mart,Nursery,8.85,77.3,12.2,0.02,0.02,0.03,7.35,,,
80,12/02/2019,18:50:00,Pertunia,Nursery office,7.26,73.6,15.6,,,,,,,
872,22/03/2019,18:30:00,Sarah,Nursery Row10,,,,,,,,,,
871,22/03/2019,18:30:00,Sarah,Nursery Row11,,,,,,,,,,
174,17/02/2019,19:14:00,Pertunia,Nursery SV,,,,,,,,,,
181,17/02/2019,22:50:00,Pertunia,Nursery SV,,,,,,,,,,
191,18/02/2019,01:00:00,Pertunia,Nursery SV,,,,,,,,,,
420,25/02/2019,23:00:00,Pertunia,Nursery SV,6.46,68.4,18,,,,,,,
428,26/02/2019,01:00:00,Pertunia,Nursery SV,6.97,72.6,17.5,,,,,,,
462,26/02/2019,19:00:00,Pertunia,Nursery SV,7.88,84.4,18.8,,,,,,,
422,25/02/2019,23:00:00,Pertunia,Nursery under roof,6.78,71.3,17.9,,,,,,,
427,26/02/2019,01:00:00,Pertunia,Nursery under roof,6.96,72.1,17,,,,,,,
463,26/02/2019,19:00:00,Pertunia,Nursery under roof,8.05,85.1,18.3,,,,,,,
1,02/01/2019,08:00:00,Lorna,Primary sump,,,,,,,,,,
2,02/01/2019,16:21:00,Lorna,Primary sump,,,,,,,,,,
3,03/01/2019,08:00:00,Lorna,Primary sump,,,,,,,,,,
4,04/01/2019,08:00:00,Lorna,Primary sump,,,,,,,,,,
5,07/01/2019,08:00:00,Lorna,Primary sump,,,,,,,,,,
6,08/01/2019,08:00:00,Lorna,Primary sump,,,,,,,,,,
7,09/01/2019,08:00:00,Lorna,Primary sump,,,,,,,,,,
8,10/01/2019,08:00:00,Lorna,Primary sump,,,,,,,,,,
9,11/01/2019,08:00:00,Lorna,Primary sump,,,,,,,,,,
10,11/01/2019,12:24:00,Lorna,Primary sump,,,,,,,,,,
11,14/01/2019,08:00:00,Lorna,Primary sump,,,,,,,,,,
12,15/01/2019,08:00:00,Lorna,Primary sump,,,,,,,,,,
13,16/01/2019,08:00:00,Lorna,Primary sump,,,,,,,,,,
14,17/01/2019,08:00:00,Lorna,Primary sump,,,,,,,,,,
15,18/01/2019,08:00:00,Lorna,Primary sump,,,,,,,,,,
16,21/01/2019,08:00:00,Lorna,Primary sump,,,,,,,,,,
17,22/01/2019,08:00:00,Pertunia,Primary sump,,,,,,,,,,
18,23/01/2019,08:00:00,Pertunia,Primary sump,,,,,,,,,,
19,24/01/2019,08:00:00,Pertunia,Primary sump,,,,,,,,,,
20,24/01/2019,15:09:00,Pertunia,Primary sump,,,,,,,,,,
21,25/01/2019,08:16:00,Pertunia,Primary sump,,,,,,,,,,
22,25/01/2019,10:41:00,Pertunia,Primary sump,,,,,,,,,,
23,25/01/2019,12:23:00,Pertunia,Primary sump,,,,,,,,,,
24,26/01/2019,08:36:00,Pertunia,Primary sump,,,,,,,,,,
25,26/01/2019,13:47:00,Pertunia,Primary sump,,,,,,,,,,
26,26/01/2019,16:52:00,Pertunia,Primary sump,,,,,,,,,,
27,27/01/2019,08:00:00,Pertunia,Primary sump,,,,,,,,,,
28,27/01/2019,14:00:00,Pertunia,Primary sump,,,,,,,,,,
29,27/01/2019,17:20:00,Pertunia,Primary sump,,,,,,,,,,
30,28/01/2019,08:00:00,Pertunia,Primary sump,,,,,,,,,,
31,29/01/2019,08:00:00,Pertunia,Primary sump,,,,,,,,,,
32,30/01/2019,08:00:00,Lorna,Primary sump,,,,,,,,,,
33,30/01/2019,15:44:00,Pertunia,Primary sump,,,,,,,,,,
34,31/01/2019,08:00:00,Pertunia,Primary sump,,,,,,,,,,
35,31/01/2019,13:30:00,Pertunia,Primary sump,,,,,,,,,,
36,31/01/2019,17:00:00,Pertunia,Primary sump,,,,,,,,,,
37,01/02/2019,08:00:00,Pertunia,Primary sump,,,,,,,,,,
38,01/02/2019,12:58:00,Pertunia,Primary sump,,,,,,,,,,
39,02/02/2019,08:00:00,Pertunia,Primary sump,,,,,,,,,,
40,02/02/2019,16:28:00,Pertunia,Primary sump,,,,,,,,,,
41,03/02/2019,08:23:00,Pertunia,Primary sump,,,,,,,,,,
42,03/02/2019,16:00:00,Pertunia,Primary sump,,,,,,,,,,
43,04/02/2019,08:00:00,Pertunia,Primary sump,,,,,,,,,,
44,04/02/2019,16:00:00,Pertunia,Primary sump,,,,,,,,,,
45,05/02/2019,08:00:00,Pertunia,Primary sump,,,,,,,,,,
46,05/02/2019,16:26:00,Pertunia,Primary sump,,,,,,,,,,
47,06/02/2019,08:20:00,Pertunia,Primary sump,,,,,,,,,,
48,06/02/2019,14:00:00,Pertunia,Primary sump,,,,,,,,,,
49,07/02/2019,08:00:00,Pertunia,Primary sump,,,,,,,,,,
50,08/02/2019,08:00:00,Pertunia,Primary sump,,,,,,,,,,
51,11/02/2019,09:00:00,Pertunia,Primary sump,,,,,,,,,,
52,11/02/2019,14:00:00,Pertunia,Primary sump,,,,,,,,,,
53,11/02/2019,15:00:00,Pertunia,Primary sump,,,,,,,,,,
54,11/02/2019,16:17:00,Pertunia,Primary sump,,,,,,,,,,
55,11/02/2019,17:00:00,Pertunia,Primary sump,,,,,,,,,,
56,11/02/2019,18:00:00,Pertunia,Primary sump,,,,,,,,,,
57,11/02/2019,20:00:00,Pertunia,Primary sump,9.12,,13.3,,,,,,,
60,11/02/2019,22:26:00,Pertunia,Primary sump,8.18,83.2,16.3,,,,,,,
63,12/02/2019,08:00:00,Pertunia,Primary sump,9.84,,11.8,,,,,,,
70,12/02/2019,11:00:00,Pertunia,Primary sump,,,,,,,,,,
81,12/02/2019,19:45:00,Pertunia,Primary sump,,,,,,,,,,
83,12/02/2019,22:26:00,Share',Primary sump,8.18,83.2,16.3,,,,,,,
86,13/02/2019,00:04:00,Share',Primary sump,8.2,83,15.8,,,,,,,
88,13/02/2019,02:51:00,Share',Primary sump,7.98,83,14.8,,,,,,,
90,13/02/2019,06:45:00,Werner,Primary sump,,,,,,,,,,
92,13/02/2019,09:19:00,Pertunia,Primary sump,,,,,,,,,,
95,13/02/2019,10:48:00,Pertunia,Primary sump,,,,,,,,,,
97,13/02/2019,12:10:00,Pertunia,Primary sump,,,,,,,,,,
98,13/02/2019,13:00:00,Werner,Primary sump,9.82,90.9,12.2,,,,,,,
99,13/02/2019,13:59:00,Pertunia,Primary sump,9.84,92.5,13.4,,,,,,,
100,13/02/2019,15:00:00,Pertunia,Primary sump,9.69,93.5,13.9,,,,,,,
101,13/02/2019,15:30:00,Pertunia,Primary sump,,,,,,,,,,
102,13/02/2019,15:35:00,Werner,Primary sump,,,,,,,,,,
103,13/02/2019,15:50:00,Pertunia,Primary sump,,,,,,,,,,
104,13/02/2019,16:07:00,Lorna,Primary sump,9.35,92.8,15.7,,,,,,,
106,13/02/2019,17:27:00,Lorna,Primary sump,9.34,91.4,15.6,,,,,,,
108,13/02/2019,19:03:00,Lorna,Primary sump,,,,,,,,,,
109,13/02/2019,19:54:00,Lorna,Primary sump,,,,,,,,,,
110,13/02/2019,21:00:00,Lorna,Primary sump,9.33,89,13.5,,,,,,,
111,13/02/2019,22:50:00,Pertunia,Primary sump,,,,,,,,,,
117,14/02/2019,00:00:00,Pertunia,Primary sump,9.53,89.5,12.8,,,,,,,
119,14/02/2019,02:56:00,Pertunia,Primary sump,9.92,90.7,11.7,,,,,,,
122,14/02/2019,04:32:00,Pertunia,Primary sump,10.53,94.1,11.3,,,,,,,
123,14/02/2019,06:07:00,Pertunia,Primary sump,9.41,85.3,11.1,,,,,,,
125,14/02/2019,07:39:00,Lorna,Primary sump,9.56,86.6,11.5,,,,,,,
127,14/02/2019,09:00:00,Lorna,Primary sump,9.29,85.2,11.7,,,,,,,
128,14/02/2019,09:05:00,Lorna,Primary sump,9.12,84.5,12,,,,,,,
129,14/02/2019,10:00:00,Lorna,Primary sump,9.07,83.7,12.3,,,,,,,
131,14/02/2019,11:00:00,Lorna,Primary sump,9.08,81.7,11.8,,,,,,,
133,14/02/2019,12:00:00,Lorna,Primary sump,8.08,81,12.2,,,,,,,
135,14/02/2019,13:00:00,Lorna,Primary sump,8.89,84.9,130,,,,,,,
137,14/02/2019,14:18:00,Lorna,Primary sump,8.95,82.3,12.3,,,,,,,
139,14/02/2019,15:26:00,Lorna,Primary sump,8.73,82.3,12.3,,,,,,,
142,14/02/2019,18:20:00,Pertunia,Primary sump,8.61,81.3,12.6,,,,,,,
144,14/02/2019,19:55:00,Pertunia,Primary sump,8.57,80.7,12.5,,,,,,,
146,14/02/2019,21:00:00,Pertunia,Primary sump,8.37,77.7,12,,,,,,,
148,15/02/2019,00:05:00,Pertunia,Primary sump,7.96,73.7,11.4,,,,,,,
150,15/02/2019,02:14:00,Pertunia,Primary sump,8.42,77.8,11.8,,,,,,,
152,15/02/2019,04:36:00,Pertunia,Primary sump,8.53,77.8,10.8,,,,,,,
154,15/02/2019,07:43:00,Ruan,Primary sump,8.37,77.1,10.8,,,,,,,
155,15/02/2019,09:54:00,Ruan,Primary sump,8.85,79.2,10.7,,,,,,,
157,15/02/2019,11:00:00,Ruan,Primary sump,8.15,72.5,10.7,,,,,,,
160,15/02/2019,12:12:00,Ruan,Primary sump,8.94,82,11.7,,,,,,,
162,15/02/2019,13:00:00,Ruan,Primary sump,8.65,86.5,11.7,,,,,,,
164,16/02/2019,08:20:00,Pertunia,Primary sump,9.16,84,11.7,,,,,,,
166,17/02/2019,10:30:00,Sarah,Primary sump,10.2,100.5,14.4,,,,,,,
168,17/02/2019,12:44:00,Sarah,Primary sump,9.26,87.8,13.4,,,,,,,
177,17/02/2019,20:40:00,Pertunia,Primary sump,,,,0.11,0.13,0.14,7.47,,,
180,17/02/2019,22:45:00,Pertunia,Primary sump,,,,,,,,,,
186,18/02/2019,01:00:00,Pertunia,Primary sump,7.68,76.1,14.3,,,,,,,
192,18/02/2019,02:00:00,Pertunia,Primary sump,9.16,87.9,13.6,,,,,,,
194,18/02/2019,03:00:00,Pertunia,Primary sump,,,,,,,,,,
196,18/02/2019,04:00:00,Pertunia,Primary sump,9.5,89.5,13,0.42,0.51,0.54,7.7,,,
198,18/02/2019,05:00:00,Pertunia,Primary sump,9.76,90.4,12.1,,,,,,,
200,18/02/2019,07:45:00,Sarah,Primary sump,9.54,90.2,12.1,,,,,,,
202,18/02/2019,09:50:00,Sarah,Primary sump,9.31,,13.1,0,0,0,7.73,,,
204,18/02/2019,12:00:00,Sarah,Primary sump,9.53,94.7,12.4,,,,,,,
206,18/02/2019,14:00:00,Sarah,Primary sump,9.68,93,13.7,,,,,,,
208,18/02/2019,15:30:00,Sarah,Primary sump,9.41,94.4,14.2,,,,,,,
210,18/02/2019,16:15:00,Sarah,Primary sump,8.97,89.5,14.6,,,,,,,
212,18/02/2019,17:50:00,Pertunia,Primary sump,9.68,95.2,14,,,,,,,
214,18/02/2019,19:00:00,Pertunia,Primary sump,9.81,94.7,14,,,,,,,
216,18/02/2019,21:00:00,Pertunia,Primary sump,9.6,93.7,13.9,0.29,0.35,0.37,7.9,,,
221,19/02/2019,00:05:00,Sarah,Primary sump,8.59,83.3,13.9,,,,,,,
223,19/02/2019,02:00:00,Sarah,Primary sump,8.4,79.2,13.3,,,,,,,
226,19/02/2019,04:00:00,Sarah,Primary sump,8.31,79.4,13.3,,,,,,,
228,19/02/2019,07:44:00,Lorna,Primary sump,8.7,81,12.4,,,,,,,
230,19/02/2019,09:45:00,Lorna,Primary sump,9.86,91.2,12.6,,,,,,,
232,19/02/2019,11:12:00,Lorna,Primary sump,9.18,86.3,12.6,,,,,,,
234,19/02/2019,12:03:00,Lorna,Primary sump,9.04,84.9,12.8,,,,,,,
236,19/02/2019,14:30:00,Lorna,Primary sump,9.77,84.3,13.7,,,,,,,
238,19/02/2019,15:30:00,Lorna,Primary sump,8.91,88.2,14.1,,,,,,,
240,19/02/2019,17:30:00,Sarah,Primary sump,9.08,88.7,14.6,,,,,,,
242,19/02/2019,19:00:00,Sarah,Primary sump,8.95,88.5,14.5,,,,,,,
244,19/02/2019,21:00:00,Sarah,Primary sump,9.02,89.4,14.9,,,,,,,
246,19/02/2019,23:00:00,Sarah,Primary sump,8.85,84,13.4,,,,,,,
248,20/02/2019,01:00:00,Sarah,Primary sump,8.53,80.8,12.1,,,,,,,
250,20/02/2019,03:00:00,Sarah,Primary sump,8.4,78.9,12.8,,,,,,,
252,20/02/2019,05:00:00,Sarah,Primary sump,8.54,82,13.1,,,,,,,
254,20/02/2019,07:48:00,Sarah,Primary sump,9.88,91.7,11.8,,,,,,,
256,20/02/2019,09:05:00,Lorna,Primary sump,9.72,93,12.4,,0.06,,8.36,,,
258,20/02/2019,09:08:00,Lorna,Primary sump,,,,,,,,,,
259,20/02/2019,12:22:00,Lorna,Primary sump,9.81,93.3,14.9,,,,,,,
260,20/02/2019,14:06:00,Lorna,Primary sump,9.92,9.91,14.6,,,,,,,
261,20/02/2019,15:23:00,Pertunia,Primary sump,9.98,97.6,15.1,,,,,,,
263,20/02/2019,18:00:00,Pertunia,Primary sump,9.41,91.3,14,,,,,,,
266,20/02/2019,19:00:00,Pertunia,Primary sump,,,,,,,,,,
268,20/02/2019,21:00:00,Pertunia,Primary sump,9.88,94.6,13.5,,,,,,,
270,20/02/2019,23:00:00,Pertunia,Primary sump,9.98,92.4,12.9,,,,,,,
272,21/02/2019,01:00:00,Pertunia,Primary sump,9.49,91.4,13,,,,,,,
274,21/02/2019,03:00:00,Pertunia,Primary sump,9.64,91.4,12.5,,,,,,,
276,21/02/2019,06:00:00,Pertunia,Primary sump,9.77,92.5,12.8,,,,,,,
278,21/02/2019,09:00:00,Sarah,Primary sump,9.23,86.1,13.6,,,,,,,
284,21/02/2019,12:30:00,Sarah,Primary sump,9.13,87.8,14.1,,,,,,,
285,21/02/2019,13:15:00,Sarah,Primary sump,8.97,88.4,14.5,,,,,,,
288,21/02/2019,14:10:00,Sarah,Primary sump,9.03,86.5,14.3,,,,,,,
291,21/02/2019,15:00:00,Sarah,Primary sump,8.79,83.9,14.9,,,,,,,
293,21/02/2019,16:00:00,Sarah,Primary sump,8.88,86.6,14.9,,,,,,,
295,21/02/2019,18:00:00,Pertunia,Primary sump,9.01,89.7,14.7,,,,,,,
297,21/02/2019,20:00:00,Pertunia,Primary sump,9.1,90.8,15.2,,,,,,,
299,21/02/2019,22:00:00,Pertunia,Primary sump,8.87,86.7,14,,,,7.88,,,
301,22/02/2019,00:00:00,Pertunia,Primary sump,9.89,94.1,13.3,,,,8.03,,,
303,22/02/2019,02:53:00,Pertunia,Primary sump,8.96,84,12.8,,,,,,,
305,22/02/2019,06:00:00,Pertunia,Primary sump,8.97,82.2,11.7,,,,,,,
307,22/02/2019,07:45:00,Sarah,Primary sump,9.5,86.8,11.8,,,,,,,
309,22/02/2019,09:00:00,Sarah,Primary sump,8.94,83.7,12.6,,,,,,,
342,23/02/2019,08:40:00,Lorna,Primary sump,9.04,88.4,13,,,,,,,
343,23/02/2019,09:15:00,Lorna,Primary sump,9.22,85.5,13,,,,,,,
345,23/02/2019,10:15:00,Lorna,Primary sump,8.74,83.9,13.1,,,,,,,
347,23/02/2019,11:00:00,Lorna,Primary sump,9.56,88.1,13.1,,,,,,,
349,23/02/2019,12:00:00,Lorna,Primary sump,8.99,88.5,13.4,,,,,,,
351,23/02/2019,,Lorna,Primary sump,9.11,83.5,13.7,,,,,,,
353,23/02/2019,13:05:00,Lorna,Primary sump,8.88,86.6,14.4,,,,,,,
355,23/02/2019,14:30:00,Lorna,Primary sump,,,,,,,,,,
357,23/02/2019,15:15:00,Lorna,Primary sump,8.94,85.2,13.8,,,,,,,
359,23/02/2019,16:22:00,Lorna,Primary sump,8.79,86.1,15.4,,,,,,,
361,23/02/2019,18:00:00,Pertunia,Primary sump,8.55,86,13.7,,,,,,,
362,23/02/2019,19:00:00,Pertunia,Primary sump,9.23,86.5,12.5,,,,,,,
364,23/02/2019,20:00:00,Pertunia,Primary sump,9.47,88.3,12.3,,,,,,,
366,23/02/2019,22:00:00,Pertunia,Primary sump,8.65,82.6,12.5,,,,,,,
368,24/02/2019,00:00:00,Pertunia,Primary sump,9.37,90.3,13.4,,,,,,,
370,24/02/2019,02:00:00,Pertunia,Primary sump,9.34,90,13.7,,,,,,,
372,24/02/2019,04:00:00,Pertunia,Primary sump,9.5,90.4,13,,,,,,,
374,24/02/2019,06:00:00,Pertunia,Primary sump,9.41,90.2,13.3,,,,,,,
376,24/02/2019,08:06:00,Lorna,Primary sump,8.87,77.3,12.9,,,,,,,
378,24/02/2019,09:05:00,Lorna,Primary sump,9.08,87.4,12.9,,,,,,,
380,24/02/2019,10:37:00,Lorna,Primary sump,9.06,89.2,13.2,,,,,,,
382,24/02/2019,11:47:00,Lorna,Primary sump,8.88,85.9,13.6,,,,,,,
384,24/02/2019,12:53:00,Lorna,Primary sump,8.85,87.1,13.6,,,,,,,
386,24/02/2019,14:37:00,Lorna,Primary sump,8.78,86.5,13.6,,,,,,,
388,24/02/2019,15:36:00,Lorna,Primary sump,8.68,87.2,14,,,,,,,
389,24/02/2019,17:00:00,Pertunia,Primary sump,9.26,89.2,13.7,,,,,,,
391,24/02/2019,19:00:00,Pertunia,Primary sump,8.95,86.8,14,,,,,,,
393,24/02/2019,21:00:00,Pertunia,Primary sump,8.74,87.1,15.8,,,,,,,
395,24/02/2019,23:00:00,Pertunia,Primary sump,9.87,90.4,15.9,,,,,,,
397,25/02/2019,01:00:00,Pertunia,Primary sump,8.81,86.6,14.5,,,,,,,
401,25/02/2019,05:00:00,Pertunia,Primary sump,8.75,84.2,13.7,,,,,,,
403,25/02/2019,06:00:00,Pertunia,Primary sump,,,,,,,,,,
404,25/02/2019,08:00:00,Sarah,Primary sump,,,,,,,,,,
406,25/02/2019,09:00:00,Sarah,Primary sump,8.59,84,14.9,,,,,,,
408,25/02/2019,10:10:00,Sarah,Primary sump,,,,,,,,,,
410,25/02/2019,11:30:00,Sarah,Primary sump,,,,,,,,,,
413,25/02/2019,13:00:00,Sarah,Primary sump,,,,,,,,,,
414,25/02/2019,14:30:00,Sarah,Primary sump,,,,,,,,,,
416,25/02/2019,18:00:00,Pertunia,Primary sump,,,,,,,,,,
417,25/02/2019,20:00:00,Pertunia,Primary sump,,,,,,,,,,
418,25/02/2019,23:00:00,Pertunia,Primary sump,7.57,76.2,15.7,,,,,,,
426,26/02/2019,01:00:00,Pertunia,Primary sump,7.57,73.5,16.6,,,,,,,
430,26/02/2019,03:00:00,Pertunia,Primary sump,7.23,71.7,15.1,,,,,,,
432,26/02/2019,05:00:00,Pertunia,Primary sump,,,,,,,,,,
442,26/02/2019,10:45:00,Sarah,Primary sump,,,,,,,,,,
445,26/02/2019,13:30:00,Sarah,Primary sump,7.09,71.3,16.8,,,,,,,
447,26/02/2019,14:10:00,Sarah,Primary sump,,,,,,,,,,
449,26/02/2019,16:20:00,Sarah,Primary sump,,,,,,,,,,
458,26/02/2019,18:00:00,Pertunia,Primary sump,8.87,89,15.8,,,,,,,
473,26/02/2019,20:00:00,Pertunia,Primary sump,,,,,,,,,,
475,26/02/2019,22:30:00,Pertunia,Primary sump,,,,,,,,,,
477,26/02/2019,12:20:00,Pertunia,Primary sump,8.92,90.5,15.9,,,,,,,
479,27/02/2019,02:00:00,Pertunia,Primary sump,8.39,84.6,15.9,,,,,,,
487,27/02/2019,10:00:00,Lorna,Primary sump,9.4,95.3,16.5,,,,,,,
501,27/02/2019,18:00:00,Pertunia,Primary sump,,,,,,,,,,
523,28/02/2019,11:45:00,Sarah,Primary sump,9.55,96.5,16,,,,,,,
525,28/02/2019,13:10:00,Sarah,Primary sump,9.43,96.1,16,,,,,,,
529,28/02/2019,15:15:00,Sarah,Primary sump,9.72,98.7,16.5,,,,,,,
531,28/02/2019,18:00:00,Pertunia,Primary sump,9.73,98.5,16,,,,,,,
533,28/02/2019,21:10:00,Sarah,Primary sump,9.53,96.1,16,,,,,,,
535,01/03/2019,01:00:00,Sarah,Primary sump,9.55,97.9,16.6,,,,,,,
539,01/03/2019,08:00:00,Pertunia,Primary sump,9.38,96.1,16.4,,,,7.97,,,
570,04/03/2019,08:00:00,Pertunia,Primary sump,9.43,98.9,17.3,,,,,,,
572,04/03/2019,13:00:00,Pertunia,Primary sump,9.4,96.3,16.6,,,,,,,
574,04/03/2019,17:00:00,Pertunia,Primary sump,9.12,94.8,17.4,,,,,,,
576,05/03/2019,08:00:00,Sarah,Primary sump,9.44,94.4,16,,,,,,,
578,05/03/2019,09:10:00,Sarah,Primary sump,,,,,,,,,,
579,05/03/2019,09:45:00,Sarah,Primary sump,,,,,,,,,,
580,05/03/2019,10:30:00,Sarah,Primary sump,,,,,,,,,,
581,05/03/2019,11:00:00,Sarah,Primary sump,9.28,95.4,16.7,,,,,,,
582,05/03/2019,11:30:00,Sarah,Primary sump,9.33,96,17.2,,,,,,,
583,05/03/2019,12:00:00,Sarah,Primary sump,,,,,,,,,,
584,05/03/2019,12:30:00,Sarah,Primary sump,9.89,98.1,17.4,,,,,,,
586,05/03/2019,13:00:00,Sarah,Primary sump,,,,,,,,,,
587,05/03/2019,13:45:00,Sarah,Primary sump,,,,,,,,,,
588,05/03/2019,14:15:00,Sarah,Primary sump,9.37,97.6,17.7,,,,,,,
590,05/03/2019,15:00:00,Sarah,Primary sump,9.09,95.8,17.6,,,,,,,
592,05/03/2019,16:00:00,Sarah,Primary sump,9.05,97.4,17.8,,,,,,,
594,05/03/2019,17:00:00,Sarah,Primary sump,9.08,98.6,17.9,,,,,,,
596,05/03/2019,20:00:00,Pertunia,Primary sump,9.09,96.4,18,,,,8.18,0.006,0.13,
598,05/03/2019,22:00:00,Pertunia,Primary sump,9.31,98,17.8,,,,,,,
600,05/03/2019,00:00:00,Pertunia,Primary sump,9.35,97.5,17.5,,,,,,,
602,06/03/2019,02:00:00,Pertunia,Primary sump,9.42,96.7,16.6,,,,,,,
604,06/03/2019,04:00:00,Pertunia,Primary sump,9.5,97.6,16.3,,,,,,,
606,06/03/2019,07:44:00,Lorna,Primary sump,9.08,98.6,17.9,,,,,,,
608,06/03/2019,10:30:00,Sarah,Primary sump,9.72,98.1,16.1,,,,,,,
610,06/03/2019,12:00:00,Sarah,Primary sump,9.68,97.2,15.6,,,,,,,
612,06/03/2019,13:30:00,Sarah,Primary sump,,,,,,,,,,
613,06/03/2019,15:00:00,Sarah,Primary sump,,,,,,,,,,
614,06/03/2019,16:00:00,Lorna,Primary sump,9.47,94.8,17.4,,,,,,,
616,06/03/2019,17:00:00,Sarah,Primary sump,,,,,,,,,,
622,06/03/2019,22:00:00,Pertunia,Primary sump,,,,,,,,,,
624,06/03/2019,23:00:00,Pertunia,Primary sump,9.83,99.4,16.2,,,,,,,
626,07/03/2019,00:00:00,Pertunia,Primary sump,9.58,97,16.1,,,,,,,
628,07/03/2019,02:00:00,Pertunia,Primary sump,9.9,100.5,16.7,,,,,,,
630,07/03/2019,04:00:00,Pertunia,Primary sump,9.87,101.6,17,,,,,,,
632,07/03/2019,07:40:00,Lorna,Primary sump,9.74,99.3,16.8,,,,,,,
634,07/03/2019,09:30:00,Sarah,Primary sump,,,,,,,,,,
636,07/03/2019,11:45:00,Sarah,Primary sump,9.36,96.7,17.3,,,,,,,
638,07/03/2019,12:30:00,Sarah,Primary sump,,,,,,,,,,
640,07/03/2019,14:15:00,Sarah,Primary sump,9.3,96,17.4,,,,,,,
642,07/03/2019,15:00:00,Sarah,Primary sump,,,,,,,,,,
644,07/03/2019,16:00:00,Sarah,Primary sump,,,,,,,,,,
646,07/03/2019,17:00:00,Sarah,Primary sump,,,,,,,,,,
648,07/03/2019,20:00:00,Pertunia,Primary sump,9.45,97.5,17.4,,,,,,,
650,07/03/2019,21:00:00,Pertunia,Primary sump,9.29,95.3,17.2,,,,,,,
652,07/03/2019,22:00:00,Pertunia,Primary sump,9.48,96,16.6,,,,,,,
654,07/03/2019,23:00:00,Pertunia,Primary sump,9.51,96.1,16.4,,,,,,,
656,07/03/2019,00:00:00,Pertunia,Primary sump,9.45,95.2,16.4,,,,,,,
658,08/03/2019,01:00:00,Pertunia,Primary sump,9.49,95.6,16.3,,,,,,,
660,08/03/2019,02:00:00,Pertunia,Primary sump,,,,,,,,,,
663,08/03/2019,04:00:00,Pertunia,Primary sump,,,,,,,,,,
665,08/03/2019,05:00:00,Pertunia,Primary sump,,,,,,,,,,
667,08/03/2019,07:30:00,Sarah,Primary sump,9.37,94.6,15.8,,,,,,,
669,08/03/2019,09:00:00,Sarah,Primary sump,9.82,96.6,15.7,,,,,,,
671,08/03/2019,10:45:00,Sarah,Primary sump,,,,,,,,,,
673,08/03/2019,13:30:00,Sarah,Primary sump,,,,,,,,,,
675,08/03/2019,15:00:00,Sarah,Primary sump,,,,,,,,,,
678,08/03/2019,18:30:00,Sarah,Primary sump,,,,,,,,,,
680,08/03/2019,20:00:00,Pertunia,Primary sump,8.3,82.3,15.3,,,,,,,
682,08/03/2019,21:00:00,Pertunia,Primary sump,9.4,94.5,15.5,,,,,,,
684,08/03/2019,22:30:00,Pertunia,Primary sump,,,,,,,,,,
686,08/03/2019,23:00:00,Pertunia,Primary sump,,,,,,,,,,
688,08/03/2019,00:00:00,Pertunia,Primary sump,,,,,,,,,,
690,09/03/2019,01:00:00,Pertunia,Primary sump,,,,,,,,,,
692,09/03/2019,02:00:00,Pertunia,Primary sump,,,,,,,,,,
694,09/03/2019,03:00:00,Pertunia,Primary sump,,,,,,,,,,
696,09/03/2019,05:00:00,Pertunia,Primary sump,,,,,,,,,,
698,09/03/2019,07:45:00,Sarah,Primary sump,9.94,95.1,13.7,,,,,,,
700,09/03/2019,09:00:00,Sarah,Primary sump,9.86,92.7,13.8,,,,,,,
706,09/03/2019,11:15:00,Sarah,Primary sump,9.92,95.2,13.8,,,,,,,
708,09/03/2019,13:30:00,Sarah,Primary sump,9.7,93.6,14,,,,,,,
711,09/03/2019,18:00:00,Sarah,Primary sump,9.3,94,16,,,,,,,
713,09/03/2019,20:00:00,Pertunia,Primary sump,9.4,95.1,15.9,,,,,,,
715,09/03/2019,22:00:00,Pertunia,Primary sump,9.38,93.8,15.6,,,,,,,
717,09/03/2019,23:00:00,Pertunia,Primary sump,9.45,93.7,15.2,,,,,,,
719,10/03/2019,01:00:00,Pertunia,Primary sump,9.28,91.5,15.1,,,,,,,
721,10/03/2019,03:00:00,Pertunia,Primary sump,9.43,91.2,14,,,,,,,
723,10/03/2019,05:00:00,Pertunia,Primary sump,9.6,91.5,13.3,,,,,,,
725,10/03/2019,07:30:00,Sarah,Primary sump,9.88,90.8,12.2,,,,,,,
727,10/03/2019,10:00:00,Sarah,Primary sump,10.03,94.7,13.2,,,,,,,
729,10/03/2019,14:00:00,Sarah,Primary sump,9.93,93.4,12.8,,,,,,,
731,10/03/2019,18:00:00,Pertunia,Primary sump,8.8,81.2,12,,,,,,,
733,10/03/2019,22:00:00,Pertunia,Primary sump,9.58,84.6,10.3,,,,,,,
735,11/03/2019,07:30:00,Sarah,Primary sump,8.09,96,9.8,,,,,,,
737,11/03/2019,12:00:00,Chriss-Mart,Primary sump,10.63,94.8,10.4,,,,,,,
739,11/03/2019,17:00:00,Pertunia,Primary sump,9.7,91.5,10.4,,,,,,,
741,11/03/2019,00:00:00,Pertunia,Primary sump,10.59,93.8,9.6,,,,,,,
743,12/03/2019,06:00:00,Sarah,Primary sump,,,,,,,,,,
744,12/03/2019,11:00:00,Sarah,Primary sump,10.45,92,10.5,,,,,,,
750,12/03/2019,16:00:00,Chriss-Mart,Primary sump,10.33,93.7,10.3,,,,,,,
752,13/03/2019,07:30:00,Chriss-Mart,Primary sump,10.31,94.1,10.5,,,,,,,
754,13/03/2019,14:30:00,Sarah,Primary sump,,,,,,,,,,
755,13/03/2019,16:42:00,Chriss-Mart,Primary sump,,,10.5,,,,,,,
756,14/03/2019,07:45:00,Chriss-Mart,Primary sump,,,,,,,,,,
757,14/03/2019,12:00:00,Chriss-Mart,Primary sump,,,,,,,,,,
759,14/03/2019,15:00:00,Chriss-Mart,Primary sump,,,,,,,,,,
760,14/03/2019,17:00:00,Pertunia,Primary sump,,,,,,,,,,
761,15/03/2019,07:30:00,Sarah,Primary sump,,,,,,,,,,
762,15/03/2019,17:00:00,Sarah,Primary sump,,,,,,,,,,
763,16/03/2019,08:45:00,Sarah,Primary sump,,,,,,,,,,
764,16/03/2019,16:00:00,Sarah,Primary sump,,,,,,,,,,
765,17/03/2019,08:42:00,Sarah,Primary sump,,,,,,,,,,
766,17/03/2019,18:20:00,Sarah,Primary sump,,,,,,,,,,
767,18/03/2019,07:30:00,Sarah,Primary sump,,,12.8,,,,,,,
768,18/03/2019,12:00:00,Sarah,Primary sump,,,,,,,,,,
769,18/03/2019,22:30:00,Pertunia,Primary sump,,,,,,,,,,
771,18/03/2019,11:30:00,Pertunia,Primary sump,,,,,,,,,,
773,19/03/2019,12:30:00,Pertunia,Primary sump,,,,,,,,,,
775,19/03/2019,01:30:00,Pertunia,Primary sump,,,,,,,,,,
777,19/03/2019,02:30:00,Pertunia,Primary sump,,,,,,,,,,
779,19/03/2019,03:30:00,Pertunia,Primary sump,,,,,,,,,,
781,19/03/2019,04:30:00,Pertunia,Primary sump,,,,,,,,,,
783,19/03/2019,06:00:00,Pertunia,Primary sump,,,,,,,,,,
785,19/03/2019,07:30:00,Sarah,Primary sump,,,,,,,,,,
787,19/03/2019,08:30:00,Sarah,Primary sump,,,,,,,,,,
789,19/03/2019,09:30:00,Sarah,Primary sump,,,,,,,,,,
791,19/03/2019,10:30:00,Sarah,Primary sump,,,,,,,,,,
793,19/03/2019,12:30:00,Sarah,Primary sump,,,,,,,,,,
795,19/03/2019,14:30:00,Sarah,Primary sump,,,,,,,,,,
797,19/03/2019,16:30:00,Sarah,Primary sump,,,,,,,,,,
799,19/03/2019,18:30:00,Pertunia,Primary sump,,,,,,,,,,
801,19/03/2019,19:30:00,Pertunia,Primary sump,,,,,,,,,,
803,19/03/2019,21:00:00,Pertunia,Primary sump,,,,,,,,,,
805,19/03/2019,22:30:00,Pertunia,Primary sump,,,,,,,,,,
864,22/03/2019,15:00:00,Sarah,Primary sump,,,,,,,,,,
865,22/03/2019,16:00:00,Sarah,Primary sump,,,,,,,,,,
867,22/03/2019,17:00:00,Sarah,Primary sump,,,,,,,,,,
869,22/03/2019,18:00:00,Sarah,Primary sump,,,0,,,,,,,
874,22/03/2019,19:00:00,Sarah,Primary sump,,,,,,,,,,
875,22/03/2019,21:00:00,Sarah,Primary sump,,,,,,,,,,
876,22/03/2019,22:10:00,Sarah,Primary sump,,,,,,,,,,
877,22/03/2019,23:00:00,Sarah,Primary sump,,,,,,,,,,
878,22/03/2019,00:00:00,Sarah,Primary sump,,,,,,,,,,
879,23/03/2019,01:00:00,Sarah,Primary sump,,,,,,,,,,
880,23/03/2019,03:00:00,Sarah,Primary sump,,,,,,,,,,
882,23/03/2019,05:30:00,Sarah,Primary sump,,,,,,,,,,
883,23/03/2019,07:45:00,Lorna,Primary sump,,,10.5,,,,,,,
935,25/03/2019,22:30:00,Pertunia,Primary sump,,,,,,,,,,
937,25/03/2019,23:45:00,Pertunia,Primary sump,,,,,,,,,,
939,26/03/2019,01:35:00,Pertunia,Primary sump,,,,,,,,,,
941,26/03/2019,03:05:00,Pertunia,Primary sump,,,,,,,,,,
943,26/03/2019,05:00:00,Pertunia,Primary sump,,,11.5,,,,,,,
945,26/03/2019,08:00:00,Sarah,Primary sump,,,,,,,,,,
947,26/03/2019,09:15:00,Sarah,Primary sump,,,,,,,,,,
949,26/03/2019,10:20:00,Sarah,Primary sump,,,,,,,,,,
951,26/03/2019,12:00:00,Sarah,Primary sump,,,,,,,,,,
953,26/03/2019,13:00:00,Sarah,Primary sump,,,,,,,,,,
954,26/03/2019,13:30:00,Sarah,Primary sump,,,,,,,,,,
955,26/03/2019,14:00:00,Sarah,Primary sump,,,,,,,,,,
956,26/03/2019,14:45:00,Lorna,Primary sump,,,,,,,,,,
957,26/03/2019,15:45:00,Lorna,Primary sump,,,,,,,,,,
958,26/03/2019,16:45:00,Lorna,Primary sump,,,,,,,,,,
959,26/03/2019,18:00:00,Pertunia,Primary sump,,,,,,,,,,
961,26/03/2019,07:20:00,Pertunia,Primary sump,,,,,,,,,,
963,26/03/2019,08:20:00,Pertunia,Primary sump,,,10,,,,,,,
965,26/03/2019,09:20:00,Pertunia,Primary sump,,,,,,,,,,
967,26/03/2019,23:20:00,Pertunia,Primary sump,,,10,,,,,,,
969,27/03/2019,06:00:00,Sarah,Primary sump,,,,,,,,,,
971,27/02/2019,07:45:00,Sarah,Primary sump,,,,,,,,,,
973,27/03/2019,10:00:00,Lorna,Primary sump,,,,,,,,,,
974,27/03/2019,10:00:00,Lorna,Primary sump,,,,,,,,,,
975,27/03/2019,13:00:00,Lorna,Primary sump,,,,,,,,,,
977,27/03/2019,15:00:00,Sarah,Primary sump,,,,,,,,,,
978,27/03/2019,17:00:00,Sarah,Primary sump,,,,,,,,,,
980,27/03/2019,18:30:00,Pertunia,Primary sump,,,10,,,,,,,
982,27/03/2019,20:00:00,Pertunia,Primary sump,,,,,,,,,,
984,27/03/2019,20:40:00,Pertunia,Primary sump,,,,,,,,,,
986,27/03/2019,21:30:00,Pertunia,Primary sump,,,,,,,,,,
988,27/03/2019,23:00:00,Pertunia,Primary sump,,,,,,,,,,
990,28/03/2019,00:00:00,Pertunia,Primary sump,,,,,,,,,,
992,28/03/2019,07:30:00,Lorna,Primary sump,,,,,,,,,,
994,28/03/2019,08:20:00,Lorna,Primary sump,,,,,,,,,,
995,28/03/2019,09:15:00,Lorna,Primary sump,,,,,,,,,,
996,28/03/2019,10:00:00,Pertunia,Primary sump,,,,,,,,,,
998,28/03/2019,11:00:00,Lorna,Primary sump,,,,,,,,,,
999,28/03/2019,12:00:00,Pertunia,Primary sump,,,,,,,,,,
1000,28/03/2019,13:00:00,Pertunia,Primary sump,,,,,,,,,,
1002,28/03/2019,14:00:00,Pertunia,Primary sump,,,,,,,,,,
1004,28/03/2019,15:00:00,Jamie,Primary sump,,,,,,,,,,
1005,28/03/2019,16:00:00,Lorna,Primary sump,,,,,,,,,,
1007,28/03/2019,17:00:00,Pertunia,Primary sump,,,,,,,,,,
1009,28/03/2019,18:00:00,Sarah,Primary sump,,,,,,,,,,
1011,28/03/2019,19:00:00,Sarah,Primary sump,,,,,,,,,,
1013,28/03/2019,20:00:00,Sarah,Primary sump,,,,,,,,,,
1015,28/03/2019,21:00:00,Sarah,Primary sump,,,,,,,,,,
1016,28/03/2019,22:00:00,Sarah,Primary sump,,,,,,,,,,
1018,28/03/2019,23:00:00,Sarah,Primary sump,,,,,,,,,,
1020,29/03/2019,07:40:00,Pertunia,Primary sump,,,14,,,,,,,
1022,29/03/2019,09:30:00,Pertunia,Primary sump,,,14,,,,,,,
1024,29/03/2019,11:00:00,Lorna,Primary sump,,,,,,,,,,
1026,29/03/2019,12:00:00,Lorna,Primary sump,,,,,,,,,,
1028,29/03/2019,13:00:00,Lorna,Primary sump,,,,,,,,,,
1030,29/03/2019,14:00:00,Sarah,Primary sump,,,,,,,,,,
1031,29/03/2019,14:45:00,Sarah,Primary sump,,,,,,,,,,
1032,29/03/2019,15:45:00,Sarah,Primary sump,,,,,,,,,,
1033,29/03/2019,16:45:00,Sarah,Primary sump,,,,,,,,,,
1035,29/03/2019,18:00:00,Sarah,Primary sump,,,,,,,,,,
1036,29/03/2019,20:00:00,Sarah,Primary sump,,,,,,,,,,
1040,29/03/2019,22:00:00,Sarah,Primary sump,,,,,,,,,,
1042,30/03/2019,07:30:00,Lorna,Primary sump,,,,,,,,,,
1044,30/03/2019,09:00:00,Lorna,Primary sump,,,,,,,,,,
1046,30/03/2019,10:00:00,Lorna,Primary sump,,,,,,,,,,
1048,30/03/2019,11:20:00,Lorna,Primary sump,,,,,,,,,,
1055,30/03/2019,13:00:00,Lorna,Primary sump,,,,,,,,,,
1056,30/03/2019,14:00:00,Lorna,Primary sump,,,,,,,,,,
1058,30/03/2019,16:00:00,Lorna,Primary sump,,,,,,,,,,
1060,30/03/2019,17:00:00,Lorna,Primary sump,,,,,,,,,,
1062,30/03/2019,18:00:00,Pertunia,Primary sump,,,,,,,,,,
1064,30/03/2019,19:00:00,Pertunia,Primary sump,,,,,,,,,,
1066,30/03/2019,20:30:00,Pertunia,Primary sump,,,,,,,,,,
1068,31/03/2019,08:00:00,Pertunia,Primary sump,,,,,,,,,,
1070,31/03/2019,10:00:00,Pertunia,Primary sump,,,,,,,,,,
1071,31/03/2019,11:00:00,Pertunia,Primary sump,,,,,,,,,,
1072,31/03/2019,11:45:00,Pertunia,Primary sump,,,,,,,,,,
1073,31/03/2019,13:00:00,Pertunia,Primary sump,,,,,,,,,,
1075,31/03/2019,14:30:00,Share,Primary sump,,,,,,,,,,
1076,31/03/2019,15:50:00,Share,Primary sump,,,,,,,,,,
1077,01/04/2019,07:00:00,Share,Primary sump,,,,,,,,,,
1078,01/04/2019,10:00:00,Lorna,Primary sump,,,,,,,,,,
1080,01/04/2019,12:00:00,Lorna,Primary sump,,,,,,,,,,
1082,01/04/2019,14:00:00,Lorna,Primary sump,,,,,,,,,,
1084,01/04/2019,15:00:00,Lorna,Primary sump,,,,,,,,,,
1086,01/04/2019,16:00:00,Lorna,Primary sump,,,,,,,,,,
1087,01/04/2019,17:00:00,Lorna,Primary sump,,,,,,,,,,
1088,01/04/2019,18:00:00,Sarah,Primary sump,,,,,,,,,,
1090,01/04/2019,20:00:00,Sarah,Primary sump,,,,,,,,,,
1094,01/04/2019,22:00:00,Sarah,Primary sump,,,,,,,,,,
1096,02/04/2019,07:45:00,Lorna,Primary sump,,,,0.08,0.1,0.1,8.13,,,
1098,02/04/2019,10:00:00,Pertunia,Primary sump,,,,,,,,,,
1100,02/04/2019,10:45:00,Lorna,Primary sump,,,,,,,,,,
1101,02/04/2019,11:45:00,Lorna,Primary sump,,,,,,,,,,
1102,02/04/2019,12:30:00,Lorna,Primary sump,,,,,,,,,,
1103,02/04/2019,14:00:00,Lorna,Primary sump,,,,,,,,,,
1104,02/04/2019,15:20:00,Pertunia,Primary sump,,,,,,,,,,
1105,02/04/2019,16:00:00,Pertunia,Primary sump,,,,,,,,,,
1107,02/04/2019,17:30:00,Pertunia,Primary sump,7.96,94,13.4,0.09,0.11,0.12,8.6,,,
1109,02/04/2019,19:00:00,Pertunia,Primary sump,,,,,,,,,,
1111,02/04/2019,20:00:00,Pertunia,Primary sump,,,,,,,,,,
1113,02/04/2019,22:15:00,Pertunia,Primary sump,,,,,,,,,,
1115,03/04/2019,07:40:00,Lorna,Primary sump,7.36,85.5,12.3,0.08,0.1,0.1,7.83,,,
1117,03/04/2019,11:00:00,Lorna,Primary sump,,,,,,,,,,
1119,03/04/2019,14:00:00,Lorna,Primary sump,,,,,,,,,,
1121,03/04/2019,17:00:00,Pertunia,Primary sump,,,,0.01,0.01,0.01,8.09,,,
1123,03/04/2019,21:30:00,Sarah,Primary sump,,,,,,,,,,
1124,04/04/2019,07:30:00,Lorna,Primary sump,,,,0.07,0.08,0.09,7.88,,,
1126,04/04/2019,11:30:00,Pertunia,Primary sump,9.94,99.9,14.5,,,,,,,
1127,04/04/2019,16:20:00,Pertunia,Primary sump,10.7,106.6,14.8,,,,,,,
1128,04/04/2019,21:45:00,Sarah,Primary sump,,,,,,,,,,
1130,05/04/2019,08:00:00,Pertunia,Primary sump,,,,,,,,,,
1132,05/04/2019,10:00:00,Pertunia,Primary sump,,,,,,,,,,
1133,05/04/2019,11:30:00,Pertunia,Primary sump,10.27,103.9,14.9,,,,,,,
1134,05/04/2019,14:30:00,Sarah,Primary sump,,,,,,,,,,
1136,05/04/2019,08:30:00,Pertunia,Primary sump,,,,,,,,,,
1138,06/04/2019,08:00:00,Pertunia,Primary sump,7.84,92.4,13.3,,,,,,,
1139,06/04/2019,12:20:00,Pertunia,Primary sump,7.17,85.1,13.2,,,,,,,
1140,06/04/2019,18:00:00,Pertunia,Primary sump,,,,,,,,,,
1141,07/04/2019,08:00:00,Pertunia,Primary sump,8.05,93.3,12.1,,,,,,,
1142,07/04/2019,16:40:00,Pertunia,Primary sump,8.4,98.8,12.6,,,,,,,
1143,08/04/2019,07:43:00,Pertunia,Primary sump,10.55,100.6,12.8,,,,,,,
1144,08/04/2019,16:00:00,Pertunia,Primary sump,8.2,97.3,13.5,,,,,,,
1145,08/04/2019,20:00:00,Pertunia,Primary sump,,,,,,,,,,
1146,09/04/2019,07:40:00,Pertunia,Primary sump,7.4,86.1,12.2,,,,,,,
1147,09/04/2019,12:00:00,Pertunia,Primary sump,,,,,,,,,,
1148,09/04/2019,16:10:00 AM,Pertunia,Primary sump,8.73,104,13.5,,,,,,,
1149,10/04/2019,07:35:00,Lorna,Primary sump,,,,,,,,,,
1150,10/04/2019,14:00:00,Lorna,Primary sump,,,,,,,,,,
1151,10/04/2019,17:00:00,Pertunia,Primary sump,,,,,,,,,,
1152,10/04/2019,20:00:00,Pertunia,Primary sump,,,,,,,,,,
1153,11/04/2019,07:35:00,Pertunia,Primary sump,,,,,,,,,,
1154,11/04/2019,16:00:00,Lorna,Primary sump,,,,,,,,,,
1155,12/04/2019,07:45:00,Lorna,Primary sump,,,,,,,,,,
1156,12/04/2019,12:50:00,Lorna,Primary sump,,,,,,,,,,
1157,13/04/2019,08:10:00,Sarah,Primary sump,,,,,,,,,,
1158,13/04/2019,12:10:00,Sarah,Primary sump,,,,,,,,,,
1159,14/04/2019,07:30:00,Sarah,Primary sump,,,,,,,,,,
1161,14/04/2019,12:20:00,Sarah,Primary sump,,,,,,,,,,
1162,14/04/2019,16:10:00,Sarah,Primary sump,,,,,,,,,,
1163,14/04/2019,20:10:00,Sarah,Primary sump,,,,,,,,,,
1164,15/04/2019,07:45:00,Lorna,Primary sump,9.92,90.4,16.2,,,,,,,
1165,15/04/2019,16:00:00,Sarah,Primary sump,,,,,,,,,,
1166,16/04/2019,07:45:00,Lorna,Primary sump,9.87,99,15.9,,,,,,,
1167,16/04/2019,16:00:00,Sivi,Primary sump,,,,,,,,,,
1168,17/04/2019,09:45:00,Sarah,Primary sump,,,,,,,,,,
1169,17/04/2019,12:00:00,Sarah,Primary sump,,,,,,,,,,
1170,17/04/2019,16:00:00,Sarah,Primary sump,,,,,,,,,,
1171,17/04/2019,20:30:00,Sarah,Primary sump,9.99,103,16.2,,,,,,,
1173,18/04/2019,07:45:00,Sarah,Primary sump,10.2,101,15.2,,,,8.55,,,
1175,19/04/2019,07:45:00,Share,Primary sump,9.29,92.6,15.2,,,,8.88,,,
1176,19/04/2019,09:55:00,Share,Primary sump,,,,,,,,,,
1177,19/04/2019,15:30:00,Share,Primary sump,,,,,,,,,,
1178,20/04/2019,07:30:00,Share,Primary sump,9.29,96,15.6,,,,8.21,,,
1179,20/04/2018,11:30:00,Share,Primary sump,,,,,,,,,,
1180,21/04/2019,12:30:00,Werner,Primary sump,9.86,95.8,15.5,,,,,,,
1182,23/04/2019,08:30:00,Sarah,Primary sump,10.31,94.8,12,,,,,,,
1183,24/04/2019,07:45:00,Sarah,Primary sump,,,,,,,,,,
1184,26/04/2019,10:07:00,Pertunia,Primary sump,9.81,98,11.8,,,,,,,
1185,29/04/2019,08:30:00,Pertunia,Primary sump,9.29,,12.7,,,,,,,
1186,30/04/2019,09:30:00,Pertunia,Primary sump,8.62,88.1,13.7,,,,,,,
1187,02/06/2019,09:00:00,Pertunia,Primary sump,,,14,,,,,,,
1188,03/05/2019,09:00:00,Pertunia,Primary sump,10.39,102.5,14.7,,,,,,,
1189,06/05/2019,11:00:00,Pertunia,Primary sump,,,13,,,,,,,
1190,09/05/2019,11:00:00,Pertunia,Primary sump,,,,,,,,,,
1191,10/05/2019,09:00:00,Pertunia,Primary sump,,,,,,,,,,
1192,20/05/2019,11:00:00,Pertunia,Primary sump,,,,,,,,,,
1193,21/05/2019,11:00:00,Pertunia,Primary sump,,,,,,,,,,
1194,22/05/2019,11:00:00,Pertunia,Primary sump,,,,,,,,,,
1195,23/05/2019,11:00:00,Pertunia,Primary sump,,,,,,,,,,
1196,28/05/2019,11:00:00,Pertunia,Primary sump,,,,,,,,,,
1197,29/05/2019,11:00:00,Pertunia,Primary sump,,,,,,,,,,
1198,03/06/2019,11:00:00,Pertunia,Primary sump,,,,,,,,,,
1199,05/06/2019,11:00:00,Pertunia,Primary sump,,,,,,,,,,
1200,06/06/2019,12:00:00,Pertunia,Primary sump,,,,,,,,,,
1201,07/06/2019,08:00:00,Pertunia,Primary sump,,,,,,,,,,
1202,12/06/2019,08:00:00,Pertunia,Primary sump,,,,,,,,,,
1203,13/06/2019,08:00:00,Pertunia,Primary sump,,,14.7,,,,,,,
1204,14/06/2019,08:00:00,Pertunia,Primary sump,,,14.8,,,,,,,
1205,18/06/2019,08:00:00,Pertunia,Primary sump,,,15.7,,,,,,,
1206,19/06/2019,08:00:00,Pertunia,Primary sump,,,15.3,,,,,,,
1207,20/06/2019,08:00:00,Pertunia,Primary sump,,,16.5,,,,,,,
1208,21/06/2019,08:00:00,Pertunia,Primary sump,,,,,,,,,,
1209,26/06/2019,08:00:00,Lorna,Primary sump,,,13.6,,,,,,,
1210,27/06/2019,08:00:00,Lorna,Primary sump,,,,,,,,,,
1211,28/06/2019,08:00:00,Lorna,Primary sump,,,,,,,,,,
1212,01/07/2019,08:00:00,Lorna,Primary sump,,,13.6,,,,,,,
1213,02/07/2019,08:00:00,Lorna,Primary sump,,,,,,,,,,
1214,03/07/2019,08:00:00,Lorna,Primary sump,,,,,,,,,,
1215,04/07/2019,08:00:00,Lorna,Primary sump,,,,,,,,,,
1216,05/07/2019,08:00:00,Lorna,Primary sump,,,,,,,,,,
1217,17/07/2019,08:00:00,Pertunia,Primary sump,,,,,,,,,,
1218,18/07/2019,08:00:00,Lorna,Primary sump,,,,,,,,,,
1219,19/07/2019,08:00:00,Pertunia,Primary sump,,,,,,,,,,
1220,22/07/2019,08:00:00,Pertunia,Primary sump,,,,,,,,,,
1221,23/07/2019,08:00:00,Lorna,Primary sump,,,,,,,,,,
1222,24/07/2019,08:00:00,Lorna,Primary sump,,,,,,,,,,
1223,25/07/2019,08:00:00,Lorna,Primary sump,,,,,,,,,,
1224,26/07/2019,08:00:00,Lorna,Primary sump,,,,,,,,,,
1225,29/07/2019,08:00:00,Lorna,Primary sump,,,,,,,,,,
1226,30/07/2019,08:00:00,Lorna,Primary sump,,,,,,,,,,
1227,31/07/2019,08:00:00,Lorna,Primary sump,,,,,,,,,,
1228,01/08/2019,08:00:00,Lorna,Primary sump,,,,,,,,,,
1229,02/08/2019,08:00:00,Pertunia,Primary sump,,,,,,,,,,
1230,05/08/2019,08:00:00,Lorna,Primary sump,,,,,,,,,,
1231,06/08/2019,08:00:00,Lorna,Primary sump,,,,,,,,,,
1232,07/08/2019,08:00:00,Lorna,Primary sump,,,,,,,,,,
1233,08/08/2019,08:00:00,Lorna,Primary sump,,,,,,,,,,
1234,12/08/2019,08:00:00,Lorna,Primary sump,,,,,,,,,,
1235,13/08/2019,08:00:00,Lorna,Primary sump,,,,,,,,,,
1236,14/08/2019,08:00:00,Lorna,Primary sump,,,,,,,,,,
1237,15/08/2019,08:00:00,Lorna,Primary sump,,,,,,,,,,
1238,16/08/2019,08:00:00,Lorna,Primary sump,,,,,,,,,,
1239,19/08/2019,08:00:00,Lorna,Primary sump,,,,,,,,,,
1240,20/08/2019,08:00:00,Lorna,Primary sump,,,,,,,,,,
1241,21/08/2019,08:00:00,Jan,Primary sump,,,,,,,,,,
1242,22/08/2019,08:00:00,Pertunia,Primary sump,,,,,,,,,,
1243,23/08/2019,08:00:00,Kabelo,Primary sump,,,,,,,,,,
1244,26/08/2019,08:00:00,Kabelo,Primary sump,,,,,,,,,,
1245,27/08/2019,08:00:00,Kabelo,Primary sump,,,,,,,,,,
1246,28/08/2019,08:00:00,Lorna,Primary sump,,,,,,,,,,
1247,28/08/2019,14:00:00,Pertunia,Primary sump,,,,,,,,,,
1248,29/08/2019,08:00:00,Lorna,Primary sump,,,,,,,,,,
1249,30/08/2019,08:00:00,Kabelo,Primary sump,,,,,,,,,,
1250,02/09/2019,08:00:00,Kabelo,Primary sump,,,,,,,,,,
1251,03/09/2019,08:00:00,Kabelo,Primary sump,,,,,,,,,,
1252,04/09/2019,08:00:00,Kabelo,Primary sump,,,,,,,,,,
1253,05/09/2019,08:00:00,Kabelo,Primary sump,,,,,,,,,,
1254,06/09/2019,08:00:00,Kabelo,Primary sump,,,,,,,,,,
1255,09/09/2019,08:00:00,Kabelo,Primary sump,,,,,,,,,,
1256,10/09/2019,08:00:00,Kabelo,Primary sump,,,,,,,,,,
1257,11/09/2019,08:00:00,Kabelo,Primary sump,,,,,,,,,,
1258,12/09/2019,08:00:00,Kabelo,Primary sump,,,,,,,,,,
1259,13/09/2019,08:00:00,Kabelo,Primary sump,,,,,,,,,,
1260,16/09/2019,08:00:00,Kabelo,Primary sump,,,,,,,,,,
1261,17/09/2019,08:00:00,Kabelo,Primary sump,,,,,,,,,,
1262,18/09/2019,08:00:00,Kabelo,Primary sump,,,,,,,,,,
1263,19/09/2019,14:30:00,Kabelo,Primary sump,,,,,,,,,,
1264,20/09/2019,08:00:00,Kabelo,Primary sump,,,,,,,,,,
1265,23/09/2019,08:00:00,Kabelo,Primary sump,,,,,,,,,,
1266,25/09/2019,08:00:00,Kabelo,Primary sump,,,,,,,,,,
1267,26/09/2019,08:00:00,Kabelo,Primary sump,,,,,,,,,,
1268,27/09/2019,08:00:00,Kabelo,Primary sump,,,,,,,,,,
1269,30/09/2019,08:00:00,Kabelo,Primary sump,,,,,,,,,,
1270,01/09/2019,08:00:00,Kabelo,Primary sump,,,,,,,,,,
1271,02/09/2019,08:00:00,Kabelo,Primary sump,,,,,,,,,,
1272,02/10/2019,14:00:00,Lorna,Primary sump,,,,,,,,,,
1273,02/10/2019,16:00:00,Lorna,Primary sump,,,,,,,,,,
1274,03/10/2019,14:20:00,Lorna,Primary sump,,,,,,,,,,
1275,03/10/2019,16:00:00,Lorna,Primary sump,,,,,,,,,,
1276,04/10/2019,08:00:00,Kabelo,Primary sump,,,,,,,,,,
1277,07/10/2019,08:00:00,Pertunia,Primary sump,,,,,,,,,,
1278,08/10/2019,08:00:00,Kabelo,Primary sump,,,,,,,,,,
1279,09/10/2019,08:00:00,Kabelo,Primary sump,,,,,,,,,,
1280,10/10/2019,08:00:00,Kabelo,Primary sump,,,,,,,,,,
1281,11/10/2019,08:00:00,Kabelo,Primary sump,,,,,,,,,,
1282,14/10/2019,08:00:00,Kabelo,Primary sump,,,,,,,,,,
1283,15/10/2019,08:00:00,Kabelo,Primary sump,,,,,,,,,,
1284,16/10/2019,08:00:00,Jan,Primary sump,,,,,,,,,,
1285,17/10/2019,08:00:00,Jan,Primary sump,,,,,,,,,,
1286,18/10/2019,08:00:00,Jan,Primary sump,,,,,,,,,,
1287,21/10/2019,08:00:00,Jan,Primary sump,,,,,,,,,,
1288,22/10/2019,08:00:00,Pertunia,Primary sump,,,,,,,,,,
1289,23/10/2019,08:00:00,Pertunia,Primary sump,,,,,,,,,,
1290,24/10/2019,08:00:00,Kabelo,Primary sump,,,,,,,,,,
1291,25/10/2019,08:00:00,Kabelo,Primary sump,,,,,,,,,,
1292,28/10/2019,08:00:00,Kabelo,Primary sump,,,,,,,,,,
1293,29/10/2019,08:00:00,Jan,Primary sump,,,,,,,,,,
1294,30/10/2019,08:00:00,Kabelo,Primary sump,,,,,,,,,,
1295,31/10/2019,08:00:00,Kabelo,Primary sump,,,,,,,,,,
1296,01/11/2019,08:00:00,Kabelo,Primary sump,,,,,,,,,,
1297,04/11/2019,08:00:00,Kabelo,Primary sump,,,,,,,,,,
1298,05/11/2019,08:00:00,Kabelo,Primary sump,,,,,,,,,,
1299,06/11/2019,08:00:00,Kabelo,Primary sump,,,,,,,,,,
1300,07/11/2019,08:00:00,Kabelo,Primary sump,,,,,,,,,,
1301,08/11/2019,08:00:00,Kabelo,Primary sump,,,,,,,,,,
1302,11/11/2019,08:00:00,Kabelo,Primary sump,,,,,,,,,,
1303,12/11/2019,08:00:00,Kabelo,Primary sump,,,,,,,,,,
1304,13/11/2019,08:00:00,Kabelo,Primary sump,,,,,,,,,,
1305,14/11/2019,08:00:00,Kabelo,Primary sump,,,,,,,,,,
1306,14/11/2019,16:00:00,Kabelo,Primary sump,,,,,,,,,,
1307,15/11/2019,08:00:00,Kabelo,Primary sump,,,,,,,,,,
1308,18/11/2019,08:00:00,Kabelo,Primary sump,,,,,,,,,,
1309,19/11/2019,08:00:00,Kabelo,Primary sump,,,,,,,,,,
1310,20/11/2019,08:00:00,Pertunia,Primary sump,,,,,,,,,,
1311,20/11/2019,12:00:00,Pertunia,Primary sump,,,,,,,,,,
1313,20/11/2019,15:00:00,Pertunia,Primary sump,9.55,97.8,16.8,,,,,,,
1315,21/11/2019,08:00:00,Kabelo,Primary sump,,,14.8,,,,,,,
1317,22/11/2019,08:00:00,Kabelo,Primary sump,9.50,96.6,15.8,,,,,,,
1319,25/11/2019,08:00:00,Kabelo,Primary sump,,,,,,,,,,
1320,27/11/2019,08:00:00,Kabelo,Primary sump,,,,,,,,,,
1321,28/11/2019,08:00:00,Kabelo,Primary sump,,,,,,,,,,
1322,29/11/2019,08:00:00,Kabelo,Primary sump,,,,,,,,,,
1323,02/12/2019,08:00:00,Kabelo,Primary sump,,,,,,,,,,
1324,03/12/2019,08:00:00,Kabelo,Primary sump,,,,,,,,,,
1325,04/12/2019,08:00:00,Kabelo,Primary sump,,,,,,,,,,
1326,05/12/2019,12:45:00,Kabelo,Primary sump,,,,,,,,,,
1327,06/12/2019,08:00:00,Justin,Primary sump,,,,,,,,,,
1328,09/12/2019,08:00:00,Kabelo,Primary sump,,,,,,,,,,
1329,10/12/2019,08:00:00,Kabelo,Primary sump,9.93,95.6,12.9,,,,,,,
1330,11/12/2019,08:00:00,Kabelo,Primary sump,9.53,93.0,13.4,,,,,,,
1331,12/12/2019,08:00:00,Pertunia,Primary sump,,,11.9,,,,,,,
1332,12/12/2019,12:00:00,Keenan,Primary sump,,,,,,,,,,
310,22/02/2019,09:40:00,Sarah,Primary sump,9.1,85.2,12.3,,,,,,,
311,22/02/2019,10:40:00,Sarah,Primary sump,9.77,91.7,12.6,,,,,,,
312,22/02/2019,11:10:00,Sarah,Primary sump,8.02,90.5,11.9,,,,,,,
314,22/02/2019,12:15:00,Sarah,Primary sump,9.08,85.1,12.1,,,,,,,
316,22/02/2019,13:03:00,Sarah,Primary sump,9.47,86.7,11.4,,,,,,,
318,22/02/2019,13:45:00,Abonga,Primary sump,9.23,84.9,11.4,,,,,,,
320,22/02/2019,14:45:00,Sarah,Primary sump,8.92,84.9,13.2,,,,,,,
322,22/02/2019,16:00:00,Sarah,Primary sump,8.92,86.4,14.2,,,,,,,
324,22/02/2019,16:45:00,Sarah,Primary sump,,,,,,,,,,
325,22/02/2019,17:10:00,Sarah,Primary sump,,,,,,,,,,
327,22/02/2019,17:30:00,Sarah,Primary sump,,,,,,,,,,
328,22/02/2019,18:30:00,Pertunia,Primary sump,9.02,89,14.5,,,,,,,
330,22/02/2019,19:30:00,Pertunia,Primary sump,8.73,83.5,13.3,,,,,,,
332,22/02/2019,21:11:00,Pertunia,Primary sump,8.9,83.5,12.5,,,,,,,
334,22/02/2019,23:00:00,Pertunia,Primary sump,8.74,81.4,12.1,,,,,,,
336,23/02/2019,01:00:00,Pertunia,Primary sump,8.33,89.3,12.3,,,,,,,
338,23/02/2019,04:45:00,Pertunia,Primary sump,8.96,82.6,11.6,,,,,,,
340,23/02/2019,07:45:00,Lorna,Primary sump,9.13,86.3,12.6,,,,,,,
399,25/02/2019,03:00:00,Pertunia,Primary sump,8.89,87.1,14.1,,,,,,,
434,26/02/2019,06:00:00,Pertunia,Primary sump,6.94,70.4,15.5,,,,,,,
436,26/02/2019,07:45:00,Sarah,Primary sump,6.72,65.9,16,,,,,,,
439,26/02/2019,09:30:00,Sarah,Primary sump,6.8,69.5,16.4,,,,,,,
441,26/02/2019,10:15:00,Sarah,Primary sump,6.75,68.3,16.7,,,,,,,
453,26/02/2019,17:00:00,Sarah,Primary sump,,,,,,,,,,
481,27/02/2019,04:00:00,Pertunia,Primary sump,9.47,95.7,16.2,,,,,,,
483,27/02/2019,07:00:00,Sarah,Primary sump,,,,,,,,,,
485,27/02/2019,09:00:00,Lorna,Primary sump,8.02,96.4,16.4,,,,,,,
488,27/02/2019,11:00:00,Sarah,Primary sump,8.02,96.4,16.4,,,,,,,
490,27/02/2019,12:00:00,Sarah,Primary sump,9.3,94.7,16.6,,,,,,,
492,27/02/2019,13:13:00,Sarah,Primary sump,9.24,95.5,16.3,,,,,,,
494,27/02/2019,,Sarah,Primary sump,9.46,97,16.6,,,,,,,
495,27/02/2019,16:10:00,Sarah,Primary sump,9.34,94.7,16.5,,,,,,,
503,27/02/2019,19:00:00,Pertunia,Primary sump,9.54,96.3,15.9,,,,,,,
505,27/02/2019,08:00:00,Pertunia,Primary sump,9.41,95.2,16.1,,,,,,,
507,27/02/2019,21:00:00,Pertunia,Primary sump,9.53,96.7,15.9,,,,,,,
509,27/02/2019,23:00:00,Pertunia,Primary sump,9.3,95.9,16.2,,,,,,,
511,28/02/2019,01:00:00,Pertunia,Primary sump,9.67,98,16.2,,,,,,,
513,28/02/2019,03:00:00,Pertunia,Primary sump,9.49,97.4,16.4,,,,,,,
515,28/02/2019,05:00:00,Pertunia,Primary sump,9.55,97.5,16.2,,,,,,,
517,28/02/2019,07:45:00,Sarah,Primary sump,9.34,95.1,16.2,,,,,,,
519,28/02/2019,09:00:00,Sarah,Primary sump,9.56,97.3,16.4,,,,,,,
521,28/02/2019,10:45:00,Sarah,Primary sump,,,,,,,,,,
537,01/03/2019,04:00:00,Sarah,Primary sump,9.53,93.5,16,,,,,,,
540,01/03/2019,09:30:00,Pertunia,Primary sump,9.56,96.2,16.2,,,,,,,
542,01/03/2019,11:30:00,Pertunia,Primary sump,9.68,98.1,16.2,,,,,,,
544,01/03/2019,14:00:00,Pertunia,Primary sump,9.68,98.8,16.5,,,,,,,
546,01/03/2019,17:50:00,Sarah,Primary sump,9.23,96.7,17.8,,,,,,,
548,01/03/2019,22:00:00,Sarah,Primary sump,8.96,95.4,17.9,,,,,,,
550,02/03/2019,02:00:00,Sarah,Primary sump,9.35,96.4,17.3,,,,,,,
552,02/03/2019,06:00:00,Sarah,Primary sump,9.43,97.7,17,,,,,,,
553,02/03/2019,10:00:00,Sarah,Primary sump,9.21,97,16.9,,,,,,,
555,02/03/2019,14:00:00,Sarah,Primary sump,9.51,99.4,16.4,,,,,,,
557,02/03/2019,18:00:00,Sarah,Primary sump,9.82,102.5,17.5,,,,,,,
559,02/03/2019,00:00:00,Sarah,Primary sump,9.52,99,17.6,,,,,,,
561,03/03/2019,06:00:00,Sarah,Primary sump,9.47,96.7,16.7,,,,,,,
563,03/03/2019,10:00:00,Lorna,Primary sump,9.71,99.6,16.8,,,,,,,
565,03/03/2019,14:00:00,Lorna,Primary sump,8.91,90.4,17.2,,,,,,,
567,03/03/2019,18:00:00,Sarah,Primary sump,9.27,98.4,18.5,,,,,,,
569,03/03/2019,00:00:00,Sarah,Primary sump,9.52,99.2,17.7,,,,,,,
710,09/03/2019,15:30:00,Sarah,Primary sump,,,,,,,,,,
807,20/03/2019,18:30:00,Pertunia,Primary sump,,,,,,,,,,
809,20/03/2019,20:15:00,Pertunia,Primary sump,,,,,,,,,,
811,20/03/2019,22:00:00,Pertunia,Primary sump,,,,,,,,,,
813,20/03/2019,00:00:00,Pertunia,Primary sump,,,,,,,,,,
815,21/03/2019,02:00:00,Pertunia,Primary sump,,,,,,,,,,
817,21/03/2019,04:00:00,Pertunia,Primary sump,,,,,,,,,,
819,21/03/2019,05:00:00,Pertunia,Primary sump,,,,,,,,,,
821,21/03/2019,07:30:00,,Primary sump,,,14,,,,,,,
823,21/03/2019,09:30:00,Lorna,Primary sump,,,15.1,,,,,,,
825,21/03/2019,11:00:00,Lorna,Primary sump,,,15.2,,,,,,,
827,21/03/2019,13:00:00,Sarah,Primary sump,,,,,,,,,,
829,21/03/2019,13:45:00,Sarah,Primary sump,,,,,,,,,,
830,21/03/2019,15:00:00,Sarah,Primary sump,,,,,,,,,,
835,21/03/2019,22:00:00,Pertunia,Primary sump,,,,,,,,,,
837,21/03/2019,23:00:00,Pertunia,Primary sump,,,,,,,,,,
839,21/03/2019,00:00:00,Pertunia,Primary sump,,,,,,,,,,
841,22/03/2019,01:00:00,Pertunia,Primary sump,,,,,,,,,,
843,22/03/2019,02:00:00,Pertunia,Primary sump,,,,,,,,,,
845,22/03/2019,03:00:00,Pertunia,Primary sump,,,,,,,,,,
847,22/03/2019,04:00:00,Pertunia,Primary sump,,,,,,,,,,
849,22/03/2019,05:00:00,Pertunia,Primary sump,,,,,,,,,,
851,22/03/2019,08:00:00,Lorna,Primary sump,,,,,,,,,,
852,22/03/2019,08:30:00,Lorna,Primary sump,,,,,,,,,,
853,22/03/2019,09:00:00,Lorna,Primary sump,,,,,,,,,,
855,22/03/2019,09:50:00,Lorna,Primary sump,,,,,,,,,,
857,22/032019,11:00:00,Lorna,Primary sump,,,,,,,,,,
859,22/03/2019,12:00:00,Lorna,Primary sump,,,11.6,,,,,,,
861,22/03/2019,13:00:00,Lorna,Primary sump,,,11.9,,,,,,,
885,23/03/2019,08:50:00,Lorna,Primary sump,,,,,,,,,,
887,23/03/2019,10:00:00,Lorna,Primary sump,,,10.5,,,,,,,
889,23/03/2019,11:00:00,Lorna,Primary sump,,,,,,,,,,
891,23/03/2019,12:00:00,Lorna,Primary sump,,,1.02,,,,,,,
893,23/03/2019,14;00,Werner,Primary sump,,,9.9,,,,,,,
895,23/03/2019,16:00:00,Werner,Primary sump,,,,,,,,,,
897,23/03/2019,18:00:00,Sarah,Primary sump,,,11,,,,,,,
899,24/03/2019,07:45:00,Lorna,Primary sump,,,10,,,,,,,
901,24/03/2019,16:00:00,Werner,Primary sump,,,10,,,,,,,
903,24/03/2019,17:00:00,Werner,Primary sump,,,10,,,,,,,
905,24/03/2019,20:00:00,Pertunia,Primary sump,,,12,,,,,,,
906,24/03/2019,20:00:00,Pertunia,Primary sump,,,,,,,,,,
907,24/03/2019,20:00:00,Pertunia,Primary sump,,,,,,,,,,
908,24/03/2019,20:00:00,Pertunia,Primary sump,,,,,,,,,,
911,24/03/2019,21:00:00,Pertunia,Primary sump,,,12,,,,,,,
912,24/03/2019,21:00:00,Pertunia,Primary sump,,,,,,,,,,
914,24/03/2019,22:00:00,Pertunia,Primary sump,,,13,,,,,,,
917,24/03/2019,23:00:00,Pertunia,Primary sump,,,13,,,,,,,
919,24/03/2019,00:00:00,Pertunia,Primary sump,,,,,,,,,,
921,25/03/2019,01:00:00,Pertunia,Primary sump,,,,,,,,,,
925,25/03/2019,07:30:00,Lorna,Primary sump,,,10.2,,,,,,,
927,25/03/2019,10:00:00,Sarah,Primary sump,,,,,,,,,,
929,25/03/2019,14:00:00,Sarah,Primary sump,,,,,,,,,,
930,25/03/2019,15:00:00,Sarah,Primary sump,,,,,,,,,,
66,12/02/2019,09:36:00,Pertunia,Sea water,,,,,,,,,,
73,12/02/2019,12:00:00,Pertunia,Sea water,,,,,,,,,,
1039,29/03/2019,21:15:00,Sarah,Seaview,,,,,,,,,,
1051,30/03/2019,13:00:00,Lorna,Seaview,,,,,0.21,0.22,8.16,,,
1052,30/03/2019,13:00:00,Lorna,Seaview,,,,0.09,0.11,0.12,7.82,,,
1061,30/03/2019,18:00:00,Pertunia,Seaview,,,,,,,,,,
225,19/02/2019,02:00:00,Sarah,Seaview Effluent,,,,0.13,0.16,0.17,7.05,,,
452,26/02/2019,16:30:00,Sarah,Seaview effluent,8.66,84.3,17.4,,,,,,,
461,26/02/2019,18:00:00,Pertunia,Seaview effluent,8.88,98.9,17.5,,,,,,,
471,26/02/2019,20:00:00,Pertunia,Seaview effluent,7.61,77.5,16.5,,,,,,,
913,24/03/2019,21:00:00,Pertunia,Seaview Farm,,,,,,,,,,
916,24/03/2019,22:30:00,Pertunia,Seaview farm (Top-up),,,,,,,,,,
75,12/02/2019,12:00:00,Pertunia,Seaview Recirc,8.23,,14.6,,,,,,,
58,11/02/2019,20:30:00,Pertunia,Sec Swirler,9.12,,13.1,,,,,,,
64,12/02/2019,08:30:00,Pertunia,Sec Swirler,8.74,,11.6,,,,,,,
68,12/02/2019,10:44:00,Pertunia,Sec Swirler,,,,,,,,,,
79,12/02/2019,18:45:00,Pertunia,Settlement,8.34,84.5,17.6,,,,,,,
107,13/02/2019,17:30:00,Lorna,Settlement,9.21,89,15.8,,,,,,,
116,13/02/2019,23:38:00,Pertunia,Settlement,9.5,97,16.3,,,,,,,
182,17/02/2019,22:50:00,Pertunia,Settlement,,,,,,,,,,
423,25/02/2019,23:00:00,Pertunia,Settlement,6.86,73,18.4,,,,,,,
429,26/02/2019,01:00:00,Pertunia,Settlement,7.02,73.9,17.8,,,,,,,
499,27/02/2019,12:36:00,Lorna,Settlement,7.62,76.6,18,,,,,,,
705,09/03/2019,10:00:00,Sarah,Settlement,8.09,81.6,16.6,,,,,,,
746,12/03/2019,11:00:00,Sarah,Settlement,9.98,86.7,12.2,0.01,0.01,0.01,7.4,,,
870,22/03/2019,18:30:00,Sarah,Settlement,,,,,,,,,,
1049,30/03/2019,12:35:00,Lorna,settlement,,,,,,,,,,
465,26/02/2019,19:00:00,Pertunia,Settlement inside,8.26,87.6,18.5,,,,,,,
464,26/02/2019,19:00:00,Pertunia,Settlement outside,8.2,86.5,18,,,,,,,
454,26/02/2019,17:00:00,Sarah,Settlement tank,6.06,64.8,17.8,,,,,,,
1054,30/03/2019,13:00:00,Lorna,Sula,,,,0.06,0.07,0.08,7.83,,,
94,13/02/2019,09:51:00,Pertunia,Sula recirc,8.48,83.7,15,,,,,,,
467,26/02/2019,19:00:00,Pertunia,SV 1,7.66,80.3,17.7,,,,,,,
468,26/02/2019,19:00:00,Pertunia,SV 2,8.02,82.3,17.2,,,,,,,
220,18/02/2019,21:00:00,Sarah,Unit 15,7.77,78.1,15.7,0.22,0.27,0.28,7.78,,,
218,18/02/2019,21:00:00,Pertunia,Unit 5,8.03,81.1,15.9,0.46,0.56,0.59,7.74,,,
219,18/02/2019,21:00:00,Sarah,Unit 6,7.3,72.8,15.6,0.11,0.13,0.14,7.65,,,
444,26/02/2019,12:45:00,Sarah,,,,,,,,,,,
