Sample,Date,Time,Counted by,Site
1,02/01/2019,08:00,Lorna,Primary sump
2,02/01/2019,16:21,Lorna,Primary sump
3,03/01/2019,08:00,Lorna,Primary sump
4,04/01/2019,08:00,Lorna,Primary sump
5,07/01/2019,08:00,Lorna,Primary sump
6,08/01/2019,08:00,Lorna,Primary sump
7,09/01/2019,08:00,Lorna,Primary sump
8,10/01/2019,08:00,Lorna,Primary sump
9,11/01/2019,08:00,Lorna,Primary sump
10,11/01/2019,12:24,Lorna,Primary sump
11,14/01/2019,08:00,Lorna,Primary sump
12,15/01/2019,08:00,Lorna,Primary sump
13,16/01/2019,08:00,Lorna,Primary sump
14,17/01/2019,08:00,Lorna,Primary sump
15,18/01/2019,08:00,Lorna,Primary sump
16,21/01/2019,08:00,Lorna,Primary sump
17,22/01/2019,08:00,Pertunia,Primary sump
18,23/01/2019,08:00,Pertunia,Primary sump
19,24/01/2019,08:00,Pertunia,Primary sump
20,24/01/2019,15:09,Pertunia,Primary sump
21,25/01/2019,08:16,Pertunia,Primary sump
22,25/01/2019,10:41,Pertunia,Primary sump
23,25/01/2019,12:23,Pertunia,Primary sump
24,26/01/2019,08:36,Pertunia,Primary sump
25,26/01/2019,13:47,Pertunia,Primary sump
26,26/01/2019,16:52,Pertunia,Primary sump
27,27/01/2019,08:00,Pertunia,Primary sump
28,27/01/2019,14:00,Pertunia,Primary sump
29,27/01/2019,17:20,Pertunia,Primary sump
30,28/01/2019,08:00,Pertunia,Primary sump
31,29/01/2019,08:00,Pertunia,Primary sump
32,30/01/2019,08:00,Lorna,Primary sump
33,30/01/2019,15:44,Pertunia,Primary sump
34,31/01/2019,08:00,Pertunia,Primary sump
35,31/01/2019,13:30,Pertunia,Primary sump
36,31/01/2019,17:00,Pertunia,Primary sump
37,01/02/2019,08:00,Pertunia,Primary sump
38,01/02/2019,12:58,Pertunia,Primary sump
39,02/02/2019,08:00,Pertunia,Primary sump
40,02/02/2013,16:28,Pertunia,Primary sump
41,03/02/2019,08:23,Pertunia,Primary sump
42,03/02/2019,16:00,Pertunia,Primary sump
43,04/02/2019,08:00,Pertunia,Primary sump
44,04/02/2019,16:00,Pertunia,Primary sump
45,05/02/2019,08:00,Pertunia,Primary sump
46,05/02/2019,16:26,Pertunia,Primary sump
47,06/02/2019,08:20,Pertunia,Primary sump
48,06/02/2019,14:00,Pertunia,Primary sump
49,07/02/2019,08:00,Pertunia,Primary sump
50,08/02/2019,08:00,Pertunia,Primary sump
51,11/02/2019,09:00,Pertunia,Primary sump
52,11/02/2019,14:00,Pertunia,Primary sump
53,11/02/2019,15:00,Pertunia,Primary sump
54,11/02/2019,16:17,Pertunia,Primary sump
55,11/02/2019,17:00,Pertunia,Primary sump
56,11/02/2019,18:00,Pertunia,Primary sump
57,11/02/2019,20:00,Pertunia,Primary sump
58,11/02/2019,20:30,Pertunia,Sec Swirler
59,11/02/2019,20:48,Pertunia,After Drumfilter
60,11/02/2019,22:26,Pertunia,Primary sump
61,11/02/2019,22:26,Pertunia,Amaza
62,11/02/2019,22:26,Pertunia,After Drumfilter
63,12/02/2019,08:00,Pertunia,Primary sump
64,12/02/2019,08:30,Pertunia,Sec Swirler
65,12/02/2019,08:30,Pertunia,After Drumfilter
66,12/02/2019,09:36,Pertunia,Sea water
67,12/02/2019,10:30,Pertunia,After Drumfilter
68,12/02/2019,10:44,Pertunia,Sec Swirler
69,12/02/2019,11:00,Pertunia,After Drumfilter
70,12/02/2019,11:00,Pertunia,Primary sump
71,12/02/2019,11:00,Pertunia,After Drumfilter
72,12/02/2019,11:00,Pertunia,Bergsig
73,12/02/2019,12:00,Pertunia,Sea water
74,12/02/2019,12:00,Pertunia,After Drumfilter
75,12/02/2019,12:00,Pertunia,Seaview Recirc
76,12/02/2019,18:30,Pertunia,After Drumfilter
77,12/02/2019,18:35,Pertunia,Broodstock
78,12/02/2019,18:40,Pertunia,Nursery
79,12/02/2019,18:45,Pertunia,Settlement
80,12/02/2019,18:50,Pertunia,Nursery office
81,12/02/2019,19:45,Pertunia,Primary sump
82,12/02/2019,19:45,Pertunia,After Drumfilter
83,12/02/2019,22:26,Share',Primary sump
84,12/02/2019,22:36,Share',Amaza
85,12/02/2019,22:40,Share',After Drumfilter
86,13/02/2019,00:04,Share',Primary sump
87,13/02/2019,00:04,Share',After Drumfilter
88,13/02/2019,02:51,Share',Primary sump
89,13/02/2019,02:52,Share',After Drumfilter
90,13/02/2019,06:45,Werner,Primary sump
91,13/02/2019,06:45,Werner,After Drumfilter
92,13/02/2019,09:19,Pertunia,Primary sump
93,13/02/2019,09:31,Pertunia,After Drumfilter
94,13/02/2019,09:51,Pertunia,Sula recirc
95,13/02/2019,10:48,Pertunia,Primary sump
96,13/02/2019,10:50,Pertunia,After Drumfilter
97,13/02/2019,12:10,Pertunia,Primary sump
98,13/02/2019,13:00,Werner,Primary sump
99,13/02/2019,13:59,Pertunia,Primary sump
100,13/02/2019,15:00,Pertunia,Primary sump
101,13/02/2019,15:30,Pertunia,Primary sump
102,13/02/2019,15:35,Werner,Primary sump
103,13/02/2019,15:50,Pertunia,Primary sump
104,13/02/2019,16:07,Lorna,Primary sump
105,13/02/2019,16:51,Lorna,After Drumfilter
106,13/02/2019,17:27,Lorna,Primary sump
107,13/02/2019,17:30,Lorna,Settlement
108,13/02/2019,19:03,Lorna,Primary sump
109,13/02/2019,19:54,Lorna,Primary sump
110,13/02/2019,21:00,Lorna,Primary sump
111,13/02/2019,22:50,Pertunia,Primary sump
112,13/02/2019,22:50,Pertunia,After Drumfilter
113,13/02/2019,23:08,Pertunia,Hatchery
114,13/02/2019,23:18,Pertunia,Broodstock
115,13/02/2019,23:28,Pertunia,Nursery
116,13/02/2019,23:38,Pertunia,Settlement
117,14/02/2019,00:00,Pertunia,Primary sump
118,14/02/2019,00:05,Pertunia,After Drumfilter
119,14/02/2019,02:56,Pertunia,Primary sump
120,14/02/2019,02:58,Pertunia,After Drumfilter
121,14/02/2019,04:28,Pertunia,After Drumfilter
122,14/02/2019,04:32,Pertunia,Primary sump
123,14/02/2019,06:07,Pertunia,Primary sump
124,14/02/2019,06:10,Pertunia,After Drumfilter
125,14/02/2019,07:39,Lorna,Primary sump
126,14/02/2019,07:50,Lorna,After Drumfilter
127,14/02/2019,09:00,Lorna,Primary sump
128,14/02/2019,09:05,Lorna,Primary sump
129,14/02/2019,10:00,Lorna,Primary sump
130,14/02/2019,10:06,Lorna,After Drumfilter
131,14/02/2019,11:00,Lorna,Primary sump
132,14/02/2019,11:04,Lorna,After Drumfilter
133,14/02/2019,12:00,Lorna,Primary sump
134,14/02/2019,12:04,Lorna,After Drumfilter
135,14/02/2019,13:00,Lorna,Primary sump
136,14/02/2019,13:05,Lorna,After Drumfilter
137,14/02/2019,14:18,Lorna,Primary sump
138,14/02/2019,14:22,Lorna,After Drumfilter
139,14/02/2019,15:26,Lorna,Primary sump
140,14/02/2019,15:30,Lorna,After Drumfilter
141,14/02/2019,16:30,Lorna,After Drumfilter
142,14/02/2019,18:20,Pertunia,Primary sump
143,14/02/2019,18:20,Pertunia,After Drumfilter
144,14/02/2019,19:55,Pertunia,Primary sump
145,14/02/2019,19:55,Pertunia,After Drumfilter
146,14/02/2019,21:00,Pertunia,Primary sump
147,14/02/2019,21:00,Pertunia,After Drumfilter
148,15/02/2019,00:05,Pertunia,Primary sump
149,15/02/2019,00:05,Pertunia,After Drumfilter
150,15/02/2019,02:14,Pertunia,Primary sump
151,15/02/2019,02:19,Pertunia,After Drumfilter
152,15/02/2019,04:36,Pertunia,Primary sump
153,15/02/2019,04:36,Pertunia,After Drumfilter
154,15/02/2019,07:43,Ruan,Primary sump
155,15/02/2019,09:54,Ruan,Primary sump
156,15/02/2019,10:01,Ruan,After Drumfilter
157,15/02/2019,11:00,Ruan,Primary sump
158,15/02/2019,11:07,Ruan,After Drumfilter
159,15/02/2019,11:10,Ruan,After Drumfilter
160,15/02/2019,12:12,Ruan,Primary sump
161,15/02/2019,12:15,Ruan,After Drumfilter
162,15/02/2019,13:00,Ruan,Primary sump
163,15/02/2019,13:00,Ruan,After Drumfilter
164,16/02/2019,08:20,Pertunia,Primary sump
165,16/02/2019,08:20,Pertunia,After Drumfilter
166,17/02/2019,10:30,Sarah,Primary sump
167,17/02/2019,11:15,Sarah,After Drumfilter
168,17/02/2019,12:44,Sarah,Primary sump
169,17/02/2019,12:44,Sarah,After Drumfilter
170,17/02/2019,15:00,Sarah,After Drumfilter
171,17/02/2019,18:00,Pertunia,After Drumfilter
172,17/02/2019,18:18,Pertunia,Broodstock
173,17/02/2019,19:14,Pertunia,Inside Settlement
174,17/02/2019,19:14,Pertunia,Nursery SV
175,17/02/2019,19:25,Pertunia,Amaza 5 settlement
176,17/02/2019,20:38,Pertunia,After Drumfilter
177,17/02/2019,20:40,Pertunia,Primary sump
178,17/02/2019,22:31,Pertunia,Broodstock
179,17/02/2019,22:40,Pertunia,After Drumfilter
180,17/02/2019,22:45,Pertunia,Primary sump
181,17/02/2019,22:50,Pertunia,Nursery SV
182,17/02/2019,22:50,Pertunia,Settlement
183,17/02/2019,23:01,Pertunia,Amaza 5 settlement
184,17/02/2019,23:08,Pertunia,Amaza 5 settlement
185,17/02/2019,23:12,Pertunia,Amaza 5 settlement
186,18/02/2019,01:00,Pertunia,Primary sump
187,18/02/2019,01:00,Pertunia,After Drumfilter
188,18/02/2019,01:00,Pertunia,Broodstock
189,18/02/2019,01:00,Pertunia,Inside Settlement
190,18/02/2019,01:00,Pertunia,Amaza 5 settlement
191,18/02/2019,01:00,Pertunia,Nursery SV
192,18/02/2019,02:00,Pertunia,Primary sump
193,18/02/2019,02:00,Pertunia,After Drumfilter
194,18/02/2019,03:00,Pertunia,Primary sump
195,18/02/2019,03:00,Pertunia,After Drumfilter
196,18/02/2019,04:00,Pertunia,Primary sump
197,18/02/2019,04:00,Pertunia,After Drumfilter
198,18/02/2019,05:00,Pertunia,Primary sump
199,18/02/2019,05:00,Pertunia,After Drumfilter
200,18/02/2019,07:45,Sarah,Primary sump
201,18/02/2019,07:45,Sarah,After Drumfilter
202,18/02/2019,09:50,Sarah,Primary sump
203,18/02/2019,09:50,Sarah,After Drumfilter
204,18/02/2019,12:00,Sarah,Primary sump
205,18/02/2019,12:00,Sarah,After Drumfilter
206,18/02/2019,14:00,Sarah,Primary sump
207,18/02/2019,14:00,Sarah,After Drumfilter
208,18/02/2019,15:30,Sarah,Primary sump
209,18/02/2019,15:30,Sarah,After Drumfilter
210,18/02/2019,16:15,Sarah,Primary sump
211,18/02/2019,16:15,Sarah,After Drumfilter
212,18/02/2019,17:50,Pertunia,Primary sump
213,18/02/2019,18:00,Pertunia,After Drumfilter
214,18/02/2019,19:00,Pertunia,Primary sump
215,18/02/2019,19:10,Pertunia,After Drumfilter
216,18/02/2019,21:00,Pertunia,Primary sump
217,18/02/2019,21:00,Pertunia,After Drumfilter
218,18/02/2019,21:00,Pertunia,Unit 5
219,18/02/2019,21:00,Sarah,Unit 6
220,18/02/2019,21:00,Sarah,Unit 15
221,19/02/2019,00:05,Sarah,Primary sump
222,19/02/2019,00:05,Sarah,After Drumfilter
223,19/02/2019,02:00,Sarah,Primary sump
224,19/02/2019,02:00,Sarah,After Drumfilter
225,19/02/2019,02:00,Sarah,Seaview Effluent
226,19/02/2019,04:00,Sarah,Primary sump
227,19/02/2019,04:00,Sarah,After Drumfilter
228,19/02/2019,07:44,Lorna,Primary sump
229,19/02/2019,07:44,Lorna,After Drumfilter
230,19/02/2019,09:45,Lorna,Primary sump
231,19/02/2019,09:50,Lorna,After Drumfilter
232,19/02/2019,11:12,Lorna,Primary sump
233,19/02/2019,11:16,Lorna,After Drumfilter
234,19/02/2019,12:03,Lorna,Primary sump
235,19/02/2019,12:06,Lorna,After Drumfilter
236,19/02/2019,14:30,Lorna,Primary sump
237,19/02/2019,14:36,Lorna,After Drumfilter
238,19/02/2019,15:30,Lorna,Primary sump
239,19/02/2019,15:36,Lorna,After Drumfilter
240,19/02/2019,17:30,Sarah,Primary sump
241,19/02/2019,17:30,Sarah,After Drumfilter
242,19/02/2019,19:00,Sarah,Primary sump
243,19/02/2019,19:00,Sarah,After Drumfilter
244,19/02/2019,21:00,Sarah,Primary sump
245,19/02/2019,21:00,Sarah,After Drumfilter
246,19/02/2019,23:00,Sarah,Primary sump
247,19/02/2019,23:00,Sarah,After Drumfilter
248,20/02/2019,01:00,Sarah,Primary sump
249,20/02/2019,01:00,Sarah,After Drumfilter
250,20/02/2019,03:00,Sarah,Primary sump
251,20/02/2019,03:00,Sarah,After Drumfilter
252,20/02/2019,05:00,Sarah,Primary sump
253,20/02/2019,05:00,Sarah,After Drumfilter
254,20/02/2019,07:48,Sarah,Primary sump
255,20/02/2019,07:51,Sarah,After Drumfilter
256,20/02/2019,09:05,Lorna,Primary sump
257,20/02/2019,09:08,Lorna,After Drumfilter
258,20/02/2019,09:08,Lorna,Primary sump
259,20/02/2019,12:22,Lorna,Primary sump
260,20/02/2019,14:06,Lorna,Primary sump
261,20/02/2019,15:23,Pertunia,Primary sump
262,20/02/2019,15:23,Pertunia,After Drumfilter
263,20/02/2019,18:00,Pertunia,Primary sump
264,20/02/2019,18:00,Pertunia,After Drumfilter
265,20/02/2019,18:00,Pertunia,After Drumfilter
266,20/02/2019,19:00,Pertunia,Primary sump
267,20/02/2019,19:00,Pertunia,After Drumfilter
268,20/02/2019,21:00,Pertunia,Primary sump
269,20/02/2019,21:00,Pertunia,After Drumfilter
270,20/02/2019,23:00,Pertunia,Primary sump
271,20/02/2019,23:00,Pertunia,After Drumfilter
272,21/02/2019,01:00,Pertunia,Primary sump
273,21/02/2019,01:00,Pertunia,After Drumfilter
274,21/02/2019,03:00,Pertunia,Primary sump
275,21/02/2019,03:00,Pertunia,After Drumfilter
276,21/02/2019,06:00,Pertunia,Primary sump
277,21/02/2019,06:00,Pertunia,After Drumfilter
278,21/02/2019,09:00,Sarah,Primary sump
279,21/02/2019,10:00,Sarah,Broodstock 
280,21/02/2019,11:00,Sarah,Kelpcatchers
281,21/02/2019,11:45,Sarah,After Drumfilter
282,21/02/2019,11:00,Sarah,Broodstock
283,21/02/2019,12:30,Sarah,After Drumfilter
284,21/02/2019,12:30,Sarah,Primary sump
285,21/02/2019,13:15,Sarah,Primary sump
286,21/02/2019,13:15,Sarah,After Drumfilter
287,21/02/2019,13:15,Sarah,Broodstock before filter
288,21/02/2019,14:10,Sarah,Primary sump
289,21/02/2019,14:10,Sarah,After Drumfilter
290,21/02/2019,14:15,Sarah,Broodstock filter
291,21/02/2019,15:00,Sarah,Primary sump
292,21/02/2019,15:00,Sarah,After Drumfilter
293,21/02/2019,16:00,Sarah,Primary sump
294,21/02/2019,16:00,Sarah,After Drumfilter
295,21/02/2019,18:00,Pertunia,Primary sump
296,21/02/2019,18:00,Pertunia,After Drumfilter
297,21/02/2019,20:00,Pertunia,Primary sump
298,21/02/2019,20:00,Pertunia,After Drumfilter
299,21/02/2019,22:00,Pertunia,Primary sump
300,21/02/2019,22:00,Pertunia,After Drumfilter
301,22/02/2019,00:00,Pertunia,Primary sump
302,22/02/2019,00:00,Pertunia,After Drumfilter
303,22/02/2019,02:53,Pertunia,Primary sump
304,22/02/2019,02:54,Pertunia,After Drumfilter
305,22/02/2019,06:00,Pertunia,Primary sump
306,22/02/2019,06:00,Pertunia,After Drumfilter
307,22/02/2019,07:45,Sarah,Primary sump
308,22/02/2019,07:45,Sarah,After Drumfilter
309,22/02/2019,09:00,Sarah,Primary sump
310,22/02/2019,09:40,Sarah,Primary sump 
311,22/02/2019,10:40,Sarah,Primary sump 
312,22/02/2019,11:10,Sarah,Primary sump 
313,22/02/2019,11:10,Sarah,After Drumfilter
314,22/02/2019,12:15,Sarah,Primary sump 
315,22/02/2019,12:15,Sarah,After Drumfilter
316,22/02/2019,13:03,Sarah,Primary sump 
317,22/02/2019,13:03,Sarah,After Drumfilter
318,22/02/2019,13:45,Abonga,Primary sump 
319,22/02/2019,13:45,Abonga,After Drumfilter
320,22/02/2019,14:45,Sarah,Primary sump 
321,22/02/2019,14:45,Sarah,After Drumfilter
322,22/02/2019,16:00,Sarah,Primary sump 
323,22/02/2019,16:00,Sarah,After Drumfilter
324,22/02/2019,16:45,Sarah,Primary sump 
325,22/02/2019,17:10,Sarah,Primary sump 
326,22/02/2019,17:30,Sarah,After Drumfilter
327,22/02/2019,17:30,Sarah,Primary sump 
328,22/02/2019,18:30,Pertunia,Primary sump 
329,22/02/2019,18:30,Pertunia,After Drumfilter
330,22/02/2019,19:30,Pertunia,Primary sump 
331,22/02/2019,19:30,Pertunia,After Drumfilter
332,22/02/2019,21:11,Pertunia,Primary sump 
333,22/02/2019,21:11,Pertunia,After Drumfilter
334,22/02/2019,23:00,Pertunia,Primary sump 
335,22/02/2019,23:00,Pertunia,After Drumfilter
336,23/02/2019,01:00,Pertunia,Primary sump 
337,23/02/2019,01:00,Pertunia,After Drumfilter
338,23/02/2019,04:45,Pertunia,Primary sump 
339,23/02/2019,04:45,Pertunia,After Drumfilter
340,23/02/2019,07:45,Lorna,Primary sump 
341,23/02/2019,07:45,Lorna,After Drumfilter
342,23/02/2019,08:40,Lorna,Primary sump
343,23/02/2019,09:15,Lorna,Primary sump
344,23/02/2019,09:15,Lorna,After Drumfilter
345,23/02/2019,10:15,Lorna,Primary sump
346,23/02/2019,10:15,Lorna,After Drumfilter
347,23/02/2019,11:00,Lorna,Primary sump
348,23/02/2019,11:12,Lorna,After Drumfilter
349,23/02/2019,12:00,Lorna,Primary sump
350,23/02/2019,12:12,Lorna,After Drumfilter
351,23/02/2019,,Lorna,Primary sump
352,23/02/2019,,Lorna,After Drumfilter
353,23/02/2019,13:05,Lorna,Primary sump
354,23/02/2019,13:07,Lorna,After Drumfilter
355,23/02/2019,14:30,Lorna,Primary sump
356,23/02/2019,15:05,Lorna,After Drumfilter
357,23/02/2019,15:15,Lorna,Primary sump
358,23/02/2019,15:42,Lorna,After Drumfilter
359,23/02/2019,16:22,Lorna,Primary sump
360,23/02/2019,16:27,Lorna,After Drumfilter
361,23/02/2019,18:00,Pertunia,Primary sump
362,23/02/2019,19:00,Pertunia,Primary sump
363,23/02/2019,19:00,Pertunia,After Drumfilter
364,23/02/2019,20:00,Pertunia,Primary sump
365,23/02/2019,20:00,Pertunia,After Drumfilter
366,23/02/2019,22:00,Pertunia,Primary sump
367,23/02/2019,22:00,Pertunia,After Drumfilter
368,24/02/2019,00:00,Pertunia,Primary sump
369,24/02/2019,00:00,Pertunia,After Drumfilter
370,24/02/2019,02:00,Pertunia,Primary sump
371,24/02/2019,02:00,Pertunia,After Drumfilter
372,24/02/2019,04:00,Pertunia,Primary sump
373,24/02/2019,04:00,Pertunia,After Drumfilter
374,24/02/2019,06:00,Pertunia,Primary sump
375,24/02/2019,06:00,Pertunia,After Drumfilter
376,24/02/2019,08:06,Lorna,Primary sump
377,24/02/2019,08:10,Lorna,After Drumfilter
378,24/02/2019,09:05,Lorna,Primary sump
379,24/02/2019,09:11,Lorna,After Drumfilter
380,24/02/2019,10:37,Lorna,Primary sump
381,24/02/2019,10:41,Lorna,After Drumfilter
382,24/02/2019,11:47,Lorna,Primary sump
383,24/02/2019,11:51,Lorna,After Drumfilter
384,24/02/2019,12:53,Lorna,Primary sump
385,24/02/2019,12:56,Lorna,After Drumfilter
386,24/02/2019,14:37,Lorna,Primary sump
387,24/02/2019,14:40,Lorna,After Drumfilter
388,24/02/2019,15:36,Lorna,Primary sump
389,24/02/2019,17:00,Pertunia,Primary sump
390,24/02/2019,17:00,Pertunia,After Drumfilter
391,24/02/2019,19:00,Pertunia,Primary sump
392,24/02/2019,19:00,Pertunia,After Drumfilter
393,24/02/2019,21:00,Pertunia,Primary sump
394,24/02/2019,21:00,Pertunia,After Drumfilter
395,24/02/2019,23:00,Pertunia,Primary sump
396,24/02/2019,23:00,Pertunia,After Drumfilter
397,25/02/2019,01:00,Pertunia,Primary sump
398,25/02/2019,01:00,Pertunia,After Drumfilter
399,25/02/2019,03:00,Pertunia,Primary sump 
400,25/02/2019,03:00,Pertunia,After Drumfilter
401,25/02/2019,05:00,Pertunia,Primary sump
402,25/02/2019,05:00,Pertunia,After Drumfilter
403,25/02/2019,06:00,Pertunia,Primary sump
404,25/02/2019,08:00,Sarah,Primary sump
405,25/02/2019,08:00,Sarah,After Drumfilter
406,25/02/2019,09:00,Sarah,Primary sump
407,25/02/2019,09:00,Sarah,After Drumfilter
408,25/02/2019,10:10,Sarah,Primary sump
409,25/02/2019,10:10,Sarah,After Drumfilter
410,25/02/2019,11:30,Sarah,Primary sump
411,25/02/2019,11:30,Sarah,After Drumfilter
412,25/02/2019,12:00,Sarah,After Drumfilter
413,25/02/2019,13:00,Sarah,Primary sump
414,25/02/2019,14:30,Sarah,Primary sump
415,25/02/2019,14:30,Sarah,After Drumfilter
416,25/02/2019,18:00,Pertunia,Primary sump
417,25/02/2019,20:00,Pertunia,Primary sump
418,25/02/2019,23:00,Pertunia,Primary sump
419,25/02/2019,23:00,Pertunia,After Drumfilter
420,25/02/2019,23:00,Pertunia,Nursery SV
421,25/02/2019,23:00,Pertunia,Broodstock
422,25/02/2019,23:00,Pertunia,Nursery under roof
423,25/02/2019,23:00,Pertunia,Settlement
424,26/02/2019,01:00,Pertunia,Broodstock
425,26/02/2019,01:00,Pertunia,After Drumfilter
426,26/02/2019,01:00,Pertunia,Primary sump
427,26/02/2019,01:00,Pertunia,Nursery under roof
428,26/02/2019,01:00,Pertunia,Nursery SV
429,26/02/2019,01:00,Pertunia,Settlement
430,26/02/2019,03:00,Pertunia,Primary sump
431,26/02/2019,03:00,Pertunia,After Drumfilter
432,26/02/2019,05:00,Pertunia,Primary sump
433,26/02/2019,05:00,Pertunia,After Drumfilter
434,26/02/2019,06:00,Pertunia,Primary sump 
435,26/02/2019,06:00,Pertunia,After Drumfilter
436,26/02/2019,07:45,Sarah,Primary sump 
437,26/02/2019,07:45,Sarah,After Drumfilter
438,26/02/2019,07:45,Sarah,kelpcatcher
439,26/02/2019,09:30,Sarah,Primary sump 
440,26/02/2019,09:30,Sarah,After Drumfilter
441,26/02/2019,10:15,Sarah,Primary sump 
442,26/02/2019,10:45,Sarah,Primary sump
443,26/02/2019,10:45,Sarah,After Drumfilter
444,26/02/2019,12:45,Sarah,
445,26/02/2019,13:30,Sarah,Primary sump
446,26/02/2019,13:30,Sarah,After Drumfilter
447,26/02/2019,14:10,Sarah,Primary sump
448,26/02/2019,14:10,Sarah,After Drumfilter
449,26/02/2019,16:20,Sarah,Primary sump
450,26/02/2019,16:20,Sarah,After Drumfilter
451,26/02/2019,16:30,Sarah,Bergsig effluent
452,26/02/2019,16:30,Sarah,Seaview effluent
453,26/02/2019,17:00,Sarah,Primary sump 
454,26/02/2019,17:00,Sarah,Settlement tank
455,26/02/2019,17:00,Sarah,Hatchery
456,26/02/2019,17:00,Sarah,Broodstock
457,26/02/2019,17:00,Sarah,Nursery
458,26/02/2019,18:00,Pertunia,Primary sump
459,26/02/2019,18:00,Pertunia,After Drumfilter
460,26/02/2019,18:00,Pertunia,Bergsig effluent
461,26/02/2019,18:00,Pertunia,Seaview effluent
462,26/02/2019,19:00,Pertunia,Nursery SV
463,26/02/2019,19:00,Pertunia,Nursery under roof
464,26/02/2019,19:00,Pertunia,Settlement outside
465,26/02/2019,19:00,Pertunia,Settlement inside
466,26/02/2019,19:00,Pertunia,Broodstock
467,26/02/2019,19:00,Pertunia,SV 1
468,26/02/2019,19:00,Pertunia,SV 2
469,26/02/2019,20:00,Pertunia,Kelp catchers
470,26/02/2019,20:00,Pertunia,Bergsig effluent
471,26/02/2019,20:00,Pertunia,Seaview effluent
472,26/02/2019,20:00,Pertunia,After Drumfilter
473,26/02/2019,20:00,Pertunia,Primary sump
474,26/02/2019,20:00,Pertunia,After Drumfilter
475,26/02/2019,22:30,Pertunia,Primary sump
476,26/02/2019,22:30,Pertunia,After Drumfilter
477,26/02/2019,12:20,Pertunia,Primary sump
478,26/02/2019,12:20,Pertunia,After Drumfilter
479,27/02/2019,02:00,Pertunia,Primary sump
480,27/02/2019,02:00,Pertunia,After Drumfilter
481,27/02/2019,04:00,Pertunia,Primary sump 
482,27/02/2019,04:00,Pertunia,After Drumfilter
483,27/02/2019,07:00,Sarah,Primary sump 
484,27/02/2019,08:00,Sarah,After Drumfilter
485,27/02/2019,09:00,Lorna,Primary sump 
486,27/02/2019,09:00,Lorna,After Drumfilter
487,27/02/2019,10:00,Lorna,Primary sump
488,27/02/2019,11:00,Sarah,Primary sump 
489,27/02/2019,11:00,Sarah,After Drumfilter
490,27/02/2019,12:00,Sarah,Primary sump 
491,27/02/2019,12:00,Sarah,After Drumfilter
492,27/02/2019,13:13,Sarah,Primary sump 
493,27/02/2019,13:16,Sarah,After Drumfilter
494,27/02/2019,,Sarah,Primary sump 
495,27/02/2019,16:10,Sarah,Primary sump 
496,27/02/2019,16:10,Sarah,After Drumfilter
497,27/02/2019,12:36,Lorna,Broodstock
498,27/02/2019,12:36,Lorna,Hatchery
499,27/02/2019,12:36,Lorna,Settlement
500,27/02/2019,12:36,Lorna,Nursery
501,27/02/2019,18:00,Pertunia,Primary sump
502,27/02/2019,18:00,Pertunia,After Drumfilter
503,27/02/2019,19:00,Pertunia,Primary sump 
504,27/02/2019,19:00,Pertunia,After Drumfilter
505,27/02/2019,08:00,Pertunia,Primary sump 
506,27/02/2019,08:00,Pertunia,After Drumfilter
507,27/02/2019,21:00,Pertunia,Primary sump 
508,27/02/2019,21:00,Pertunia,After Drumfilter
509,27/02/2019,23:00,Pertunia,Primary sump 
510,27/02/2019,23:00,Pertunia,After Drumfilter
511,28/02/2019,01:00,Pertunia,Primary sump 
512,28/02/2019,01:00,Pertunia,After Drumfilter
513,28/02/2019,03:00,Pertunia,Primary sump 
514,28/02/2019,03:00,Pertunia,After Drumfilter
515,28/02/2019,05:00,Pertunia,Primary sump 
516,28/02/2019,05:00,Pertunia,After Drumfilter
517,28/02/2019,07:45,Sarah,Primary sump 
518,28/02/2019,07:45,Sarah,After Drumfilter
519,28/02/2019,09:00,Sarah,Primary sump 
520,28/02/2019,09:00,Sarah,After Drumfilter
521,28/02/2019,10:45,Sarah,Primary sump 
522,28/02/2019,10:45,Sarah,Hatchery
523,28/02/2019,11:45,Sarah,Primary sump
524,28/02/2019,11:45,Sarah,After Drumfilter
525,28/02/2019,13:10,Sarah,Primary sump
526,28/02/2019,13:10,Sarah,After Drumfilter
527,28/02/2019,13:10,Sarah,Broodstock
528,28/02/2019,13:10,Sarah,Hatchery
529,28/02/2019,15:15,Sarah,Primary sump
530,28/02/2019,15:15,Sarah,After Drumfilter
531,28/02/2019,18:00,Pertunia,Primary sump
532,28/02/2019,18:00,Pertunia,After Drumfilter
533,28/02/2019,21:10,Sarah,Primary sump
534,28/02/2019,21:10,Sarah,After Drumfilter
535,01/03/2019,01:00,Sarah,Primary sump
536,01/03/2019,01:00,Sarah,After Drumfilter
537,01/03/2019,04:00,Sarah,Primary sump 
538,01/03/2019,08:00,Pertunia,After Drumfilter
539,01/03/2019,08:00,Pertunia,Primary sump
540,01/03/2019,09:30,Pertunia,Primary sump 
541,01/03/2019,09:30,Pertunia,After Drumfilter
542,01/03/2019,11:30,Pertunia,Primary sump 
543,01/03/2019,11:30,Pertunia,After Drumfilter
544,01/03/2019,14:00,Pertunia,Primary sump 
545,01/03/2019,14:00,Pertunia,After Drumfilter
546,01/03/2019,17:50,Sarah,Primary sump 
547,01/03/2019,17:50,Sarah,After Drumfilter
548,01/03/2019,22:00,Sarah,Primary sump 
549,01/03/2019,22:00,Sarah,After Drumfilter
550,02/03/2019,02:00,Sarah,Primary sump 
551,02/03/2019,02:00,Sarah,After Drumfilter
552,02/03/2019,06:00,Sarah,Primary sump 
553,02/03/2019,10:00,Sarah,Primary sump 
554,02/03/2019,10:00,Sarah,After Drumfilter
555,02/03/2019,14:00,Sarah,Primary sump 
556,02/03/2019,14:00,Sarah,After Drumfilter
557,02/03/2019,18:00,Sarah,Primary sump 
558,02/03/2019,18:00,Sarah,After Drumfilter
559,02/03/2019,00:00,Sarah,Primary sump 
560,02/03/2019,00:00,Sarah,After Drumfilter
561,03/03/2019,06:00,Sarah,Primary sump 
562,03/03/2019,06:00,Sarah,After Drumfilter
563,03/03/2019,10:00,Lorna,Primary sump 
564,03/03/2019,10:00,Lorna,After Drumfilter
565,03/03/2019,14:00,Lorna,Primary sump 
566,03/03/2019,14:00,Lorna,After Drumfilter
567,03/03/2019,18:00,Sarah,Primary sump 
568,03/03/2019,18:00,Sarah,After Drumfilter
569,03/03/2019,00:00,Sarah,Primary sump 
570,04/03/2019,08:00,Pertunia,Primary sump
571,04/03/2019,08:00,Pertunia,After Drumfilter
572,04/03/2019,13:00,Pertunia,Primary sump
573,04/03/2019,13:00,Pertunia,After Drumfilter
574,04/03/2019,17:00,Pertunia,Primary sump
575,04/03/2019,17:00,Pertunia,After Drumfilter
576,05/03/2019,08:00,Sarah,Primary sump
577,05/03/2019,08:00,Sarah,After Drumfilter
578,05/03/2019,09:10,Sarah,Primary sump
579,05/03/2019,09:45,Sarah,Primary sump
580,05/03/2019,10:30,Sarah,Primary sump
581,05/03/2019,11:00,Sarah,Primary sump
582,05/03/2019,11:30,Sarah,Primary sump
583,05/03/2019,12:00,Sarah,Primary sump
584,05/03/2019,12:30,Sarah,Primary sump
585,05/03/2019,12:30,Sarah,After Drumfilter
586,05/03/2019,13:00,Sarah,Primary sump
587,05/03/2019,13:45,Sarah,Primary sump
588,05/03/2019,14:15,Sarah,Primary sump
589,05/03/2019,14:15,Sarah,After Drumfilter
590,05/03/2019,15:00,Sarah,Primary sump
591,05/03/2019,15:00,Sarah,After Drumfilter
592,05/03/2019,16:00,Sarah,Primary sump
593,05/03/2019,16:00,Sarah,After Drumfilter
594,05/03/2019,17:00,Sarah,Primary sump
595,05/03/2019,17:00,Sarah,After Drumfilter
596,05/03/2019,20:00,Pertunia,Primary sump
597,05/03/2019,20:00,Pertunia,After Drumfilter
598,05/03/2019,22:00,Pertunia,Primary sump
599,05/03/2019,22:00,Pertunia,After Drumfilter
600,05/03/2019,00:00,Pertunia,Primary sump
601,05/03/2019,00:00,Pertunia,After Drumfilter
602,06/03/2019,02:00,Pertunia,Primary sump
603,06/03/2019,02:00,Pertunia,After Drumfilter
604,06/03/2019,04:00,Pertunia,Primary sump
605,06/03/2019,04:00,Pertunia,After Drumfilter
606,06/03/2019,07:44,Lorna,Primary sump
607,06/03/2019,07:44,Lorna,After Drumfilter
608,06/03/2019,10:30,Sarah,Primary sump
609,06/03/2019,10:30,Sarah,After Drumfilter
610,06/03/2019,12:00,Sarah,Primary sump
611,06/03/2019,12:00,Sarah,After Drumfilter
612,06/03/2019,13:30,Sarah,Primary sump
613,06/03/2019,15:00,Sarah,Primary sump
614,06/03/2019,16:00,Lorna,Primary sump
615,06/03/2019,16:00,Lorna,After Drumfilter
616,06/03/2019,17:00,Sarah,Primary sump
617,06/03/2019,18:00,Sarah,Kelp catchers
618,06/03/2019,19:00,Sarah,Kelp catchers
619,06/03/2019,20:00,Pertunia,Kelp catchers
620,06/03/2019,20:00,Pertunia,After Drumfilter
621,06/03/2019,21:00,Pertunia,Kelp catchers
622,06/03/2019,22:00,Pertunia,Primary sump
623,06/03/2019,22:00,Pertunia,After Drumfilter
624,06/03/2019,23:00,Pertunia,Primary sump
625,06/03/2019,23:00,Pertunia,After Drumfilter
626,07/03/2019,00:00,Pertunia,Primary sump
627,07/03/2019,00:00,Pertunia,After Drumfilter
628,07/03/2019,02:00,Pertunia,Primary sump
629,07/03/2019,02:00,Pertunia,After Drumfilter
630,07/03/2019,04:00,Pertunia,Primary sump
631,07/03/2019,04:00,Pertunia,After Drumfilter
632,07/03/2019,07:40,Lorna,Primary sump
633,07/03/2019,07:40,Lorna,After Drumfilter
634,07/03/2019,09:30,Sarah,Primary sump
635,07/03/2019,09:39,Sarah,After Drumfilter
636,07/03/2019,11:45,Sarah,Primary sump
637,07/03/2019,11:45,Sarah,After Drumfilter
638,07/03/2019,12:30,Sarah,Primary sump
639,07/03/2019,12:30,Sarah,After Drumfilter
640,07/03/2019,14:15,Sarah,Primary sump
641,07/03/2019,14:15,Sarah,After Drumfilter
642,07/03/2019,15:00,Sarah,Primary sump
643,07/03/2019,15:00,Sarah,After Drumfilter
644,07/03/2019,16:00,Sarah,Primary sump
645,07/03/2019,16:00,Sarah,After Drumfilter
646,07/03/2019,17:00,Sarah,Primary sump
647,07/03/2019,17:00,Sarah,After Drumfilter
648,07/03/2019,20:00,Pertunia,Primary sump
649,07/03/2019,20:00,Pertunia,After Drumfilter
650,07/03/2019,21:00,Pertunia,Primary sump
651,07/03/2019,21:00,Pertunia,After Drumfilter
652,07/03/2019,22:00,Pertunia,Primary sump
653,07/03/2019,22:00,Pertunia,After Drumfilter
654,07/03/2019,23:00,Pertunia,Primary sump
655,07/03/2019,23:00,Pertunia,After Drumfilter
656,07/03/2019,00:00,Pertunia,Primary sump
657,07/03/2019,00:00,Pertunia,After Drumfilter
658,08/03/2019,01:00,Pertunia,Primary sump
659,08/03/2019,01:00,Pertunia,After Drumfilter
660,08/03/2019,02:00,Pertunia,Primary sump
661,08/03/2019,02:00,Pertunia,After Drumfilter
662,08/03/2019,03:00,Pertunia,Kelp catchers
663,08/03/2019,04:00,Pertunia,Primary sump
664,08/03/2019,04:00,Pertunia,After Drumfilter
665,08/03/2019,05:00,Pertunia,Primary sump
666,08/03/2019,05:00,Pertunia,After Drumfilter
667,08/03/2019,07:30,Sarah,Primary sump
668,08/03/2019,07:00,Sarah,After Drumfilter
669,08/03/2019,09:00,Sarah,Primary sump
670,08/03/2019,09:00,Sarah,After Drumfilter
671,08/03/2019,10:45,Sarah,Primary sump
672,08/03/2019,10:45,Sarah,After Drumfilter
673,08/03/2019,13:30,Sarah,Primary sump
674,08/03/2019,15:00,Sarah,After Drumfilter
675,08/03/2019,15:00,Sarah,Primary sump
676,08/03/2019,17:00,Sarah,After Drumfilter
677,08/03/2019,18:00,Sarah,After Drumfilter
678,08/03/2019,18:30,Sarah,Primary sump
679,08/03/2019,19:30,Pertunia,After Drumfilter
680,08/03/2019,20:00,Pertunia,Primary sump
681,08/03/2019,20:00,Pertunia,After Drumfilter
682,08/03/2019,21:00,Pertunia,Primary sump
683,08/03/2019,22:00,Pertunia,After Drumfilter
684,08/03/2019,22:30,Pertunia,Primary sump
685,08/03/2019,03:00,Pertunia,After Drumfilter
686,08/03/2019,23:00,Pertunia,Primary sump
687,08/03/2019,23:00,Pertunia,After Drumfilter
688,08/03/2019,00:00,Pertunia,Primary sump
689,08/03/2019,00:00,Pertunia,After Drumfilter
690,09/03/2019,01:00,Pertunia,Primary sump
691,09/03/2019,01:00,Pertunia,After Drumfilter
692,09/03/2019,02:00,Pertunia,Primary sump
693,09/03/2019,02:00,Pertunia,After Drumfilter
694,09/03/2019,03:00,Pertunia,Primary sump
695,09/03/2019,03:00,Pertunia,After Drumfilter
696,09/03/2019,05:00,Pertunia,Primary sump
697,09/03/2019,05:00,Pertunia,After Drumfilter
698,09/03/2019,07:45,Sarah,Primary sump
699,09/03/2019,07:45,Sarah,After Drumfilter
700,09/03/2019,09:00,Sarah,Primary sump
701,09/03/2019,09:00,Sarah,After Drumfilter
702,09/03/2019,10:00,Sarah,Broodstock
703,09/03/2019,10:00,Sarah,Nursery
704,09/03/2019,10:00,Sarah,Hatchery
705,09/03/2019,10:00,Sarah,Settlement
706,09/03/2019,11:15,Sarah,Primary sump
707,09/03/2019,11:15,Sarah,After Drumfilter
708,09/03/2019,13:30,Sarah,Primary sump
709,09/03/2019,13:30,Sarah,After Drumfilter
710,09/03/2019,15:30,Sarah,Primary sump 
711,09/03/2019,18:00,Sarah,Primary sump
712,09/03/2019,18:00,Sarah,After Drumfilter
713,09/03/2019,20:00,Pertunia,Primary sump
714,09/03/2019,20:00,Pertunia,After Drumfilter
715,09/03/2019,22:00,Pertunia,Primary sump
716,09/03/2019,22:00,Pertunia,After Drumfilter
717,09/03/2019,23:00,Pertunia,Primary sump
718,09/03/2019,23:00,Pertunia,After Drumfilter
719,10/03/2019,01:00,Pertunia,Primary sump
720,10/03/2019,01:00,Pertunia,After Drumfilter
721,10/03/2019,03:00,Pertunia,Primary sump
722,10/03/2019,03:00,Pertunia,After Drumfilter
723,10/03/2019,05:00,Pertunia,Primary sump
724,10/03/2019,05:00,Pertunia,After Drumfilter
725,10/03/2019,07:30,Sarah,Primary sump
726,10/03/2019,07:30,Sarah,After Drumfilter
727,10/03/2019,10:00,Sarah,Primary sump
728,10/03/2019,10:00,Sarah,After Drumfilter
729,10/03/2019,14:00,Sarah,Primary sump
730,10/03/2019,18:00,Pertunia,After Drumfilter
731,10/03/2019,18:00,Pertunia,Primary sump
732,10/03/2019,22:00,Pertunia,After Drumfilter
733,10/03/2019,22:00,Pertunia,Primary sump
734,11/03/2019,02:00,Sarah,After Drumfilter
735,11/03/2019,07:30,Sarah,Primary sump
736,11/03/2019,07:30,Sarah,After Drumfilter
737,11/03/2019,12:00,Chriss-Mart,Primary sump
738,11/03/2019,12:00,Chriss-Mart,After Drumfilter
739,11/03/2019,17:00,Pertunia,Primary sump
740,11/03/2019,17:00,Pertunia,After Drumfilter
741,11/03/2019,00:00,Pertunia,Primary sump
742,11/03/2019,00:00,Pertunia,After Drumfilter
743,12/03/2019,06:00,Sarah,Primary sump
744,12/03/2019,11:00,Sarah,Primary sump
745,12/03/2019,11:00,Sarah,After Drumfilter
746,12/03/2019,11:00,Sarah,Settlement
747,12/03/2019,11:00,Chriss-Mart,Hatchery
748,12/03/2019,11:00,Chriss-Mart,Nursery
749,12/03/2019,11:00,Chriss-Mart,Broodstock
750,12/03/2019,16:00,Chriss-Mart,Primary sump
751,12/03/2019,16:00,Chriss-Mart,After Drumfilter
752,13/03/2019,07:30,Chriss-Mart,Primary sump
753,13/03/2019,07:30,Chriss-Mart,After Drumfilter
754,13/03/2019,14:30,Sarah,Primary sump
755,13/03/2019,16:42,Chriss-Mart,Primary sump
756,14/03/2019,07:45,Chriss-Mart,Primary sump
757,14/03/2019,12:00,Chriss-Mart,Primary sump
758,14/03/2019,12:00,Chriss-Mart,After Drumfilter
759,14/03/2019,15:00,Chriss-Mart,Primary sump
760,14/03/2019,17:00,Pertunia,Primary sump
761,15/03/2019,07:30,Sarah,Primary sump
762,15/03/2019,17:00,Sarah,Primary sump
763,16/03/2019,08:45,Sarah,Primary sump
764,16/03/2019,16:00,Sarah,Primary sump
765,17/03/2019,08:42,Sarah,Primary sump
766,17/03/2019,18:20,Sarah,Primary sump
767,18/03/2019,07:30,Sarah,Primary sump
768,18/03/2019,12:00,Sarah,Primary sump
769,18/03/2019,22:30,Pertunia,Primary sump
770,18/03/2019,22:30,Pertunia,After Drumfilter
771,18/03/2019,11:30,Pertunia,Primary sump
772,18/03/2019,11:30,Pertunia,After Drumfilter
773,19/03/2019,12:30,Pertunia,Primary sump
774,19/03/2019,12:30,Pertunia,After Drumfilter
775,19/03/2019,01:30,Pertunia,Primary sump
776,19/03/2019,01:30,Pertunia,After Drumfilter
777,19/03/2019,02:30,Pertunia,Primary sump
778,19/03/2019,02:30,Pertunia,After Drumfilter
779,19/03/2019,03:30,Pertunia,Primary sump
780,19/03/2019,03:30,Pertunia,After Drumfilter
781,19/03/2019,04:30,Pertunia,Primary sump
782,19/03/2019,04:30,Pertunia,After Drumfilter
783,19/03/2019,06:00,Pertunia,Primary sump
784,19/03/2019,06:00,Pertunia,After Drumfilter
785,19/03/2019,07:30,Sarah,Primary sump
786,19/03/2019,07:30,Sarah,After Drumfilter
787,19/03/2019,08:30,Sarah,Primary sump
788,19/03/2019,08:30,Sarah,After Drumfilter
789,19/03/2019,09:30,Sarah,Primary sump
790,19/03/2019,09:30,Sarah,After Drumfilter
791,19/03/2019,10:30,Sarah,Primary sump
792,19/03/2019,10:30,Sarah,After Drumfilter
793,19/03/2019,12:30,Sarah,Primary sump
794,19/03/2019,12:30,Sarah,After Drumfilter
795,19/03/2019,14:30,Sarah,Primary sump
796,19/03/2019,14:30,Sarah,After Drumfilter
797,19/03/2019,16:30,Sarah,Primary sump
798,19/03/2019,16:30,Sarah,After Drumfilter
799,19/03/2019,18:30,Pertunia,Primary sump
800,19/03/2019,18:30,Pertunia,After Drumfilter
801,19/03/2019,19:30,Pertunia,Primary sump
802,19/03/2019,19:30,Pertunia,After Drumfilter
803,19/03/2019,21:00,Pertunia,Primary sump
804,19/03/2019,21:00,Pertunia,After Drumfilter
805,19/03/2019,22:30,Pertunia,Primary sump
806,19/03/2019,22:30,Pertunia,After Drumfilter
807,20/03/2019,18:30,Pertunia,Primary sump Sump
808,20/03/2019,18:30,Pertunia,After Drumfilter
809,20/03/2019,20:15,Pertunia,Primary sump Sump
810,20/03/2019,20:15,Pertunia,After Drumfilter
811,20/03/2019,22:00,Pertunia,Primary sump Sump
812,20/03/2019,22:00,Pertunia,After Drumfilter
813,20/03/2019,00:00,Pertunia,Primary sump Sump
814,20/03/2019,00:00,Pertunia,After Drumfilter
815,21/03/2019,02:00,Pertunia,Primary sump Sump
816,21/03/2019,02:00,Pertunia,After Drumfilter
817,21/03/2019,04:00,Pertunia,Primary sump Sump
818,21/03/2019,04:00,Pertunia,After Drumfilter
819,21/03/2019,05:00,Pertunia,Primary sump Sump
820,21/03/2019,05:00,Pertunia,After Drumfilter
821,21/03/2019,07:30,,Primary sump sump
822,21/03/2019,07:30,Lorna,After Drumfilter
823,21/03/2019,09:30,Lorna,Primary sump sump
824,21/03/2019,09:30,Lorna,After Drumfilter
825,21/03/2019,11:00,Lorna,Primary sump sump
826,21/03/2019,11:00,Lorna,After Drumfilter
827,21/03/2019,13:00,Sarah,Primary sump sump
828,21/03/2019,13:45,Sarah,After Drumfilter
829,21/03/2019,13:45,Sarah,Primary sump sump
830,21/03/2019,15:00,Sarah,Primary sump sump
831,21/03/2019,16:30,Sarah,After Drumfilter
832,21/03/2019,18:00,Pertunia,Kelpcatchers
833,21/03/2019,20:00,Pertunia,Kelpcatchers
834,21/03/2019,21:00,Pertunia,Kelpcatchers
835,21/03/2019,22:00,Pertunia,Primary sump sump
836,21/03/2019,22:00,Pertunia,After Drumfilter
837,21/03/2019,23:00,Pertunia,Primary sump sump
838,21/03/2019,23:00,Pertunia,After Drumfilter
839,21/03/2019,00:00,Pertunia,Primary sump sump
840,21/03/2019,00:00,Pertunia,After Drumfilter
841,22/03/2019,01:00,Pertunia,Primary sump sump
842,22/03/2019,01:00,Pertunia,After Drumfilter
843,22/03/2019,02:00,Pertunia,Primary sump sump
844,22/03/2019,02:00,Pertunia,After Drumfilter
845,22/03/2019,03:00,Pertunia,Primary sump sump
846,22/03/2019,03:00,Pertunia,After Drumfilter
847,22/03/2019,04:00,Pertunia,Primary sump sump
848,22/03/2019,04:00,Pertunia,After Drumfilter
849,22/03/2019,05:00,Pertunia,Primary sump sump
850,22/03/2019,05:00,Pertunia,After Drumfilter
851,22/03/2019,08:00,Lorna,Primary sump sump
852,22/03/2019,08:30,Lorna,Primary sump sump
853,22/03/2019,09:00,Lorna,Primary sump sump
854,22/03/2019,09:00,Lorna,After Drumfilter
855,22/03/2019,09:50,Lorna,Primary sump sump
856,22/03/2019,09:50,Lorna,After Drumfilter
857,22/032019,11:00,Lorna,Primary sump sump
858,22/03/2019,11:00,Lorna,After Drumfilter
859,22/03/2019,12:00,Lorna,Primary sump sump
860,22/03/2019,12:00,Lorna,After Drumfilter
861,22/03/2019,13:00,Lorna,Primary sump sump
862,22/03/2019,13:00,Lorna,After Drumfilter
863,22/03/2019,15:00,Sarah,After Drumfilter
864,22/03/2019,15:00,Sarah,Primary sump
865,22/03/2019,16:00,Sarah,Primary sump
866,22/03/2019,17:00,Sarah,After Drumfilter
867,22/03/2019,17:00,Sarah,Primary sump
868,22/03/2019,17:30,Sarah,After Drumfilter
869,22/03/2019,18:00,Sarah,Primary sump
870,22/03/2019,18:30,Sarah,Settlement
871,22/03/2019,18:30,Sarah,Nursery Row11
872,22/03/2019,18:30,Sarah,Nursery Row10
873,22/03/2019,18:30,Sarah,After Drumfilter
874,22/03/2019,19:00,Sarah,Primary sump
875,22/03/2019,21:00,Sarah,Primary sump
876,22/03/2019,22:10,Sarah,Primary sump
877,22/03/2019,23:00,Sarah,Primary sump
878,22/03/2019,0:00:00,Sarah,Primary sump
879,23/03/2019,01:00,Sarah,Primary sump
880,23/03/2019,03:00,Sarah,Primary sump
881,23/03/2019,03:00,Sarah,After Drumfilter
882,23/03/2019,05:30,Sarah,Primary sump
883,23/03/2019,07:45,Lorna,Primary sump
884,23/03/2019,07:45,Lorna,After Drumfilter
885,23/03/2019,08:50,Lorna,Primary sump sump
886,23/03/2019,08:50,Lorna,After Drumfilter
887,23/03/2019,10:00,Lorna,Primary sump sump
888,23/03/2019,10:00,Lorna,After Drumfilter
889,23/03/2019,11:00,Lorna,Primary sump sump
890,23/03/2019,11:00,Lorna,After Drumfilter
891,23/03/2019,12:00,Lorna,Primary sump sump
892,23/03/2019,12:00,Lorna,After Drumfilter
893,23/03/2019,14;00,Werner,Primary sump sump
894,23/03/2019,14:00,Werner,After Drumfilter
895,23/03/2019,16:00,Werner,Primary sump sump
896,23/03/2019,16:00,Werner,After Drumfilter
897,23/03/2019,18:00,Sarah,Primary sump sump
898,23/03/2019,18:00,Sarah,After Drumfilter
899,24/03/2019,07:45,Lorna,Primary sump sump
900,24/03/2019,07:45,Lorna,After Drumfilter
901,24/03/2019,16:00,Werner,Primary sump sump
902,24/03/2019,16:00,Werner,After Drumfilter
903,24/03/2019,17:00,Werner,Primary sump sump
904,24/03/2019,17:00,Werner,After Drumfilter
905,24/03/2019,20:00,Pertunia,Primary sump sump
906,24/03/2019,20:00,Pertunia,Primary sump sump
907,24/03/2019,20:00,Pertunia,Primary sump sump
908,24/03/2019,20:00,Pertunia,Primary sump sump
909,24/03/2019,20:00,Pertunia,After Drumfilter
910,24/03/2019,20:00,Pertunia,After Drumfilter
911,24/03/2019,21:00,Pertunia,Primary sump sump
912,24/03/2019,21:00,Pertunia,Primary sump sump
913,24/03/2019,21:00,Pertunia,Seaview Farm
914,24/03/2019,22:00,Pertunia,Primary sump sump
915,24/03/2019,22:00,Pertunia,After Drumfilter
916,24/03/2019,22:30,Pertunia,Seaview farm (Top-up)
917,24/03/2019,23:00,Pertunia,Primary sump sump
918,24/03/2019,23:00,Pertunia,After Drumfilter
919,24/03/2019,00:00,Pertunia,Primary sump sump
920,24/03/2019,00:00,Pertunia,After Drumfilter
921,25/03/2019,01:00,Pertunia,Primary sump sump
922,25/03/2019,01:00,Pertunia,After Drumfilter
923,25/03/2019,01:00,Pertunia,After Drumfilter
924,25/03/2019,01:00,Pertunia,After Drumfilter
925,25/03/2019,07:30,Lorna,Primary sump sump
926,25/03/2019,07:30,Lorna,After Drumfilter
927,25/03/2019,10:00,Sarah,Primary sump sump
928,25/03/2019,14:00,Sarah,After Drumfilter
929,25/03/2019,14:00,Sarah,Primary sump sump
930,25/03/2019,15:00,Sarah,Primary sump sump
931,25/03/2019,18:30,Pertunia,After Drumfilter
932,25/03/2019,18:40,Pertunia,Kelpcatchers
933,25/03/2019,08:30,Pertunia,Kelpcatchers
934,25/03/2019,08:40,Pertunia,After Drumfilter
935,25/03/2019,22:30,Pertunia,Primary sump
936,25/03/2019,22:40,Pertunia,After Drumfilter
937,25/03/2019,23:45,Pertunia,Primary sump
938,25/03/2019,23:55,Pertunia,After Drumfilter
939,26/03/2019,01:35,Pertunia,Primary sump
940,26/03/2019,01:40,Pertunia,After Drumfilter
941,26/03/2019,03:05,Pertunia,Primary sump
942,26/03/2019,03:10,Pertunia,After Drumfilter
943,26/03/2019,05:00,Pertunia,Primary sump
944,26/03/2019,05:05,Pertunia,After Drumfilter
945,26/03/2019,08:00,Sarah,Primary sump
946,26/03/2019,08:00,Sarah,After Drumfilter
947,26/03/2019,09:15,Sarah,Primary sump
948,26/03/2019,09:15,Sarah,After Drumfilter
949,26/03/2019,10:20,Sarah,Primary sump
950,26/03/2019,10:20,Sarah,After Drumfilter
951,26/03/2019,12:00,Sarah,Primary sump
952,26/03/2019,12:00,Sarah,After Drumfilter
953,26/03/2019,13:00,Sarah,Primary sump
954,26/03/2019,13:30,Sarah,Primary sump
955,26/03/2019,14:00,Sarah,Primary sump
956,26/03/2019,14:45,Lorna,Primary sump
957,26/03/2019,15:45,Lorna,Primary sump
958,26/03/2019,16:45,Lorna,Primary sump
959,26/03/2019,18:00,Pertunia,Primary sump
960,26/03/2019,18:05,Pertunia,After Drumfilter
961,26/03/2019,07:20,Pertunia,Primary sump
962,26/03/2019,07:25,Pertunia,After Drumfilter
963,26/03/2019,08:20,Pertunia,Primary sump
964,26/03/2019,08:25,Pertunia,After Drumfilter
965,26/03/2019,09:20,Pertunia,Primary sump
966,26/03/2019,09:25,Pertunia,After Drumfilter
967,26/03/2019,23:20,Pertunia,Primary sump
968,26/03/2019,23:25,Pertunia,After Drumfilter
969,27/03/2019,06:00,Sarah,Primary sump
970,27/03/2019,06:00,Sarah,After Drumfilter
971,27/02/2019,07:45,Sarah,Primary sump
972,27/02/2019,07:45,Sarah,After Drumfilter
973,27/03/2019,10:00,Lorna,Primary sump
974,27/03/2019,10:00,Lorna,Primary sump
975,27/03/2019,13:00,Lorna,Primary sump
976,27/03/2019,13:00,Sarah,After Drumfilter
977,27/03/2019,15:00,Sarah,Primary sump
978,27/03/2019,17:00,Sarah,Primary sump
979,27/03/2019,17:00,Sarah,After Drumfilter
980,27/03/2019,18:30,Pertunia,Primary sump
981,27/03/2019,18:30,Pertunia,After Drumfilter
982,27/03/2019,20:00,Pertunia,Primary sump
983,27/03/2019,20:00,Pertunia,After Drumfilter
984,27/03/2019,20:40,Pertunia,Primary sump
985,27/03/2019,20:40,Pertunia,After Drumfilter
986,27/03/2019,21:30,Pertunia,Primary sump
987,27/03/2019,21:30,Pertunia,After Drumfilter
988,27/03/2019,23:00,Pertunia,Primary sump
989,27/03/2019,23:00,Pertunia,After Drumfilter
990,28/03/2019,00:00,Pertunia,Primary sump
991,28/03/2019,00:00,Pertunia,After Drumfilter
992,28/03/2019,07:30,Lorna,Primary sump
993,28/03/2019,07:30,Lorna,After Drumfilter
994,28/03/2019,08:20,Lorna,Primary sump
995,28/03/2019,09:15,Lorna,Primary sump
996,28/03/2019,10:00,Pertunia,Primary sump
997,28/03/2019,10:00,Pertunia,After Drumfilter
998,28/03/2019,11:00,Lorna,Primary sump
999,28/03/2019,12:00,Pertunia,Primary sump
1000,28/03/2019,13:00,Pertunia,Primary sump
1001,28/03/2019,13:00,Pertunia,After Drumfilter
1002,28/03/2019,14:00,Pertunia,Primary sump
1003,28/03/2019,15:00,Lorna,After Drumfilter
1004,28/03/2019,15:00,Jamie,Primary sump
1005,28/03/2019,16:00,Lorna,Primary sump
1006,28/03/2019,16:00,Lorna,After Drumfilter
1007,28/03/2019,17:00,Pertunia,Primary sump
1008,28/03/2019,17:00,Sarah,After Drumfilter
1009,28/03/2019,18:00,Sarah,Primary sump
1010,28/03/2019,19:00,Sarah,After Drumfilter
1011,28/03/2019,19:00,Sarah,Primary sump
1012,28/03/2019,20:00,Sarah,After Drumfilter
1013,28/03/2019,20:00,Sarah,Primary sump
1014,28/03/2019,21:00,Sarah,After Drumfilter
1015,28/03/2019,21:00,Sarah,Primary sump
1016,28/03/2019,22:00,Sarah,Primary sump
1017,28/03/2019,22:00,Sarah,After Drumfilter
1018,28/03/2019,23:00,Sarah,Primary sump
1019,28/03/2019,23:00,Sarah,After Drumfilter
1020,29/03/2019,07:40,Pertunia,Primary sump
1021,29/03/2019,07:40,Pertunia,After Drumfilter
1022,29/03/2019,09:30,Pertunia,Primary sump
1023,29/03/2019,09:30,Pertunia,After Drumfilter
1024,29/03/2019,11:00,Lorna,Primary sump
1025,29/032019,11:00,Lorna,After Drumfilter
1026,29/03/2019,12:00,Lorna,Primary sump
1027,29/03/2019,12:00,Lorna,After Drumfilter
1028,29/03/2019,13:00,Lorna,Primary sump
1029,29/03/2019,13:00,Sarah,After Drumfilter
1030,29/03/2019,14:00,Sarah,Primary sump
1031,29/03/2019,14:45,Sarah,Primary sump
1032,29/03/2019,15:45,Sarah,Primary sump
1033,29/03/2019,16:45,Sarah,Primary sump
1034,29/03/2019,18:00,Sarah,After Drumfilter
1035,29/03/2019,18:00,Sarah,Primary sump
1036,29/03/2019,20:00,Sarah,Primary sump
1037,29/03/2019,20:00,Sarah,After Drumfilter
1038,29/03/2019,21:15,Sarah,Bergsig
1039,29/03/2019,21:15,Sarah,Seaview
1040,29/03/2019,22:00,Sarah,Primary sump
1041,29/03/2019,22:00,Sarah,After Drumfilter
1042,30/03/2019,07:30,Lorna,Primary sump
1043,30/032019,07:30,Lorna,After Drumfilter
1044,30/03/2019,09:00,Lorna,Primary sump
1045,30/03/2019,09:00,Lorna,After Drumfilter
1046,30/03/2019,10:00,Lorna,Primary sump
1047,30/03/2019,10:00,Lorna,After Drumfilter
1048,30/03/2019,11:20,Lorna,Primary sump
1049,30/03/2019,12:35,Lorna,settlement
1050,30/03/2019,12:35,Lorna,Hatchery
1051,30/03/2019,13:00,Lorna,Seaview
1052,30/03/2019,13:00,Lorna,Seaview
1053,30/03/2019,13:00,Lorna,Bergsig
1054,30/03/2019,13:00,Lorna,Sula
1055,30/03/2019,13:00,Lorna,Primary sump
1056,30/03/2019,14:00,Lorna,Primary sump
1057,30/03/2019,14:00,Lorna,After Drumfilter
1058,30/03/2019,16:00,Lorna,Primary sump
1059,30/03/2019,16:00,Lorna,After Drumfilter
1060,30/03/2019,17:00,Lorna,Primary sump
1061,30/03/2019,18:00,Pertunia,Seaview
1062,30/03/2019,18:00,Pertunia,Primary sump
1063,30/03/2019,18:00,Pertunia,After Drumfilter
1064,30/03/2019,19:00,Pertunia,Primary sump
1065,30/03/2019,19:00,Pertunia,After Drumfilter
1066,30/03/2019,20:30,Pertunia,Primary sump
1067,30/03/2019,20:30,Pertunia,After Drumfilter
1068,31/03/2019,08:00,Pertunia,Primary sump
1069,31/03/2019,08:00,Pertunia,After Drumfilter
1070,31/03/2019,10:00,Pertunia,Primary sump
1071,31/02/3019,11:00,Pertunia,Primary sump
1072,31/03/2019,11:45,Pertunia,Primary sump
1073,31/03/2019,13:00,Pertunia,Primary sump
1074,31/03/2019,13:00,Pertunia,After Drumfilter
1075,31/03/2019,14:30,Share,Primary sump
1076,31/03/2019,15:50,Share,Primary sump
1077,01/04/2019,07:00,Share,Primary sump
1078,01/04/2019,10:00,Lorna,Primary sump
1079,01/04/2019,10:00,Lorna,After Drumfilter
1080,01/04/2019,12:00,Lorna,Primary sump
1081,01/04/2019,12:00,Lorna,After Drumfilter
1082,01/04/2019,14:00,Lorna,Primary sump
1083,01/04/2019,14:00,Lorna,After Drumfilter
1084,01/04/2019,15:00,Lorna,Primary sump
1085,01/04/2019,15:00,Lorna,After Drumfilter
1086,01/04/2019,16:00,Lorna,Primary sump
1087,01/04/2019,17:00,Lorna,Primary sump
1088,01/04/2019,18:00,Sarah,Primary sump
1089,01/04/2019,18:00,Sarah,After Drumfilter
1090,01/04/2019,20:00,Sarah,Primary sump
1091,01/04/2019,20:00,Sarah,After Drumfilter
1092,01/04/2019,19:45,Sarah,Broodstock
1093,01/04/2019,19:45,Sarah,Larvae
1094,01/04/2019,22:00,Sarah,Primary sump
1095,01/04/2019,22:00,Sarah,After Drumfilter
1096,02/04/2019,07:45,Lorna,Primary sump
1097,02/04/2019,07:45,Lorna,After Drumfilter
1098,02/04/2019,10:00,Pertunia,Primary sump
1099,02/04/2019,10:00,Pertunia,After Drumfilter
1100,02/04/2019,10:45,Lorna,Primary sump
1101,02/04/2019,11:45,Lorna,Primary sump
1102,02/04/2019,12:30,Lorna,Primary sump
1103,02/04/2019,14:00,Lorna,Primary sump
1104,02/04/2019,15:20,Pertunia,Primary sump
1105,02/04/2019,16:00,Pertunia,Primary sump
1106,02/04/2019,16:00,Pertunia,After Drumfilter
1107,02/04/2019,17:30,Pertunia,Primary sump
1108,02/04/2019,17:30,Pertunia,After Drumfilter
1109,02/04/2019,19:00,Pertunia,Primary sump
1110,02/04/2019,19:00,Pertunia,After Drumfilter
1111,02/04/2019,20:00,Pertunia,Primary sump
1112,02/04/2019,20:00,Pertunia,After Drumfilter
1113,02/04/2019,22:15,Pertunia,Primary sump
1114,02/04/2019,22:15,Pertunia,After Drumfilter
1115,03/04/2019,07:40,Lorna,Primary sump
1116,03/04/2019,07:40,Lorna,After Drumfilter
1117,03/04/2019,11:00,Lorna,Primary sump
1118,03/04/2019,11:00,Lorna,After Drumfilter
1119,03/04/2019,14:00,Lorna,Primary sump
1120,03/04/2019,14:00,Lorna,After Drumfilter
1121,03/04/2019,17:00,Pertunia,Primary sump
1122,03/04/2019,17:00,Pertunia,After Drumfilter
1123,03/04/2019,21:30,Sarah,Primary sump
1124,04/04/2019,07:30,Lorna,Primary sump
1125,04/04/2019,07:30,Lorna,After Drumfilter
1126,04/04/2019,11:30,Pertunia,Primary sump
1127,04/04/2019,16:20,Pertunia,Primary sump
1128,04/04/2019,21:45,Sarah,Primary sump
1129,04/04/2019,21:45,Sarah,After Drumfilter
1130,05/04/2019,08:00,Pertunia,Primary sump
1131,05/04/2019,08:00,Pertunia,After Drumfilter
1132,05/04/2019,10:00,Pertunia,Primary sump
1133,05/04/2019,11:30,Pertunia,Primary sump
1134,05/04/2019,14:30,Sarah,Primary sump
1135,05/04/2019,14:30,Sarah,After Drumfilter
1136,05/04/2019,08:30,Pertunia,Primary sump
1137,05/04/2019,08:30,Pertunia,After Drumfilter
1138,06/04/2019,08:00,Pertunia,Primary sump
1139,06/04/2019,12:20,Pertunia,Primary sump
1140,06/04/2019,18:00,Pertunia,Primary sump
1141,07/04/2019,08:00,Pertunia,Primary sump
1142,07/04/2019,16:40,Pertunia,Primary sump
1143,08/04/2019,07:43,Pertunia,Primary sump
1144,08/04/2019,16:00,Pertunia,Primary sump
1145,08/04/2019,20:00,Pertunia,Primary sump
1146,09/04/2019,07:40,Pertunia,Primary sump
1147,09/04/2019,12:00,Pertunia,Primary sump
1148,09/04/2019,16:10:00 AM,Pertunia,Primary sump
1149,10/04/2019,07:35,Lorna,Primary sump
1150,10/04/2019,14:00,Lorna,Primary sump
1151,10/04/2019,17:00,Pertunia,Primary sump
1152,10/04/2019,20:00,Pertunia,Primary sump
1153,11/04/2019,07:35,Pertunia,Primary sump
1154,11/04/2019,16:00,Lorna,Primary sump
1155,12/04/2019,07:45,Lorna,Primary sump
1156,12/04/2019,12:50,Lorna,Primary sump
1157,13/04/2019,08:10,Sarah,Primary sump
1158,13/04/2019,12:10,Sarah,Primary sump
1159,14/04/2019,07:30,Sarah,Primary sump
1160,14/04/2019,07:30,Sarah,After Drumfilter
1161,14/04/2019,12:20,Sarah,Primary sump
1162,14/04/2019,16:10,Sarah,Primary sump
1163,14/04/2019,20:10,Sarah,Primary sump
1164,15/04/2019,07:45,Lorna,Primary sump
1165,15/04/2019,16:00,Sarah,Primary sump
1166,16/04/2019,07:45,Lorna,Primary sump
1167,16/04/2019,16:00,Sivi,Primary sump
1168,17/04/2019,09:45,Sarah,Primary sump
1169,17/04/2019,12:00,Sarah,Primary sump
1170,17/04/2019,16:00,Sarah,Primary sump
1171,17/04/2019,20:30,Sarah,Primary sump
1172,17/04/2019,20:30,Sarah,After Drumfilter
1173,18/04/2019,07:45,Sarah,Primary sump
1174,18/04/2019,07:45,Sarah,After Drumfilter
1175,19/04/2019,07:45,Share,Primary sump
1176,19/04/2019,09:55,Share,Primary sump
1177,19/04/2019,15:30,Share,Primary sump
1178,20/04/2019,07:30,Share,Primary sump
1179,20/04/2018,11:30,Share,Primary sump
1180,21/04/2019,12:30,Werner,Primary sump
1181,21/04/2020,13:30,Werner,After Drumfilter
1182,23/04/2019,08:30,Sarah,Primary sump
1183,24/04/2019,07:45,Sarah,Primary sump
1184,26/04/2019,10:07,Pertunia,Primary sump
1185,29/04/2019,08:30,Pertunia,Primary sump
1186,30/04/2019,09:30,Pertunia,Primary sump
1187,02/06/2019,09:00,Pertunia,Primary sump
1188,03/05/2019,09:00,Pertunia,Primary sump
1189,06/05/2019,11:00,Pertunia,Primary sump
1190,09/05/2019,11:00,Pertunia,Primary sump
1191,10/05/2019,09:00,Pertunia,Primary sump
1192,20/05/2019,11:00,Pertunia,Primary sump
1193,21/05/2019,11:00,Pertunia,Primary sump
1194,22/05/2019,11:00,Pertunia,Primary sump
1195,23/05/2019,11:00,Pertunia,Primary sump
1196,28/05/2019,11:00,Pertunia,Primary sump
1197,29/05/2019,11:00,Pertunia,Primary sump
1198,03/06/2019,11:00,Pertunia,Primary sump
1199,05/06/2019,11:00,Pertunia,Primary sump
1200,06/06/2019,12:00,Pertunia,Primary sump
1201,07/06/2019,08:00,Pertunia,Primary sump
1202,12/06/2019,08:00,Pertunia,Primary sump
1203,13/06/2019,08:00,Pertunia,Primary sump
1204,14/06/2019,08:00,Pertunia,Primary sump
1205,18/06/2019,08:00,Pertunia,Primary sump
1206,19/06/2019,08:00,Pertunia,Primary sump
1207,20/06/2019,08:00,Pertunia,Primary sump
1208,21/06/2019,08:00,Pertunia,Primary sump
1209,26/06/2019,08:00,Lorna,Primary sump
1210,27/06/2019,08:00,Lorna,Primary sump
1211,28/06/2019,08:00,Lorna,Primary sump
1212,01/07/2019,08:00,Lorna,Primary sump
1213,02/07/2019,08:00,Lorna,Primary sump
1214,03/07/2019,08:00,Lorna,Primary sump
1215,04/07/2019,08:00,Lorna,Primary sump
1216,05/07/2019,08:00,Lorna,Primary sump
1217,17/07/2019,08:00,Pertunia,Primary sump
1218,18/07/2019,08:00,Lorna,Primary sump
1219,19/07/2019,08:00,Pertunia,Primary sump
1220,22/07/2019,08:00,Pertunia,Primary sump
1221,23/07/2019,08:00,Lorna,Primary sump
1222,24/07/2019,08:00,Lorna,Primary sump
1223,25/07/2019,08:00,Lorna,Primary sump
1224,26/07/2019,08:00,Lorna,Primary sump
1225,29/07/2019,08:00,Lorna,Primary sump
1226,30/07/2019,08:00,Lorna,Primary sump
1227,31/07/2019,08:00,Lorna,Primary sump
1228,01/08/2019,08:00,Lorna,Primary sump
1229,02/08/2019,08:00,Pertunia,Primary sump
1230,05/08/2019,08:00,Lorna,Primary sump
1231,06/08/2019,08:00,Lorna,Primary sump
1232,07/08/2019,08:00,Lorna,Primary sump
1233,08/08/2019,08:00,Lorna,Primary sump
1234,12/08/2019,08:00,Lorna,Primary sump
1235,13/08/2019,08:00,Lorna,Primary sump
1236,14/08/2019,08:00,Lorna,Primary sump
1237,15/08/2019,08:00,Lorna,Primary sump
1238,16/08/2019,08:00,Lorna,Primary sump
1239,19/08/2019,08:00,Lorna,Primary sump
1240,20/08/2019,08:00,Lorna,Primary sump
1241,21/08/2019,08:00,Jan,Primary sump
1242,22/08/2019,08:00,Pertunia,Primary sump
1243,23/08/2019,08:00,Kabelo,Primary sump
1244,26/08/2019,08:00,Kabelo,Primary sump
1245,27/08/2019,08:00,Kabelo,Primary sump
1246,28/08/2019,08:00,Lorna,Primary sump
1247,28/08/2019,14:00,Pertunia,Primary sump
1248,29/08/2019,08:00,Lorna,Primary sump
1249,30/08/2019,08:00,Kabelo,Primary sump
1250,02/09/2019,08:00,Kabelo,Primary sump
1251,03/09/2019,08:00,Kabelo,Primary sump
1252,04/09/2019,08:00,Kabelo,Primary sump
1253,05/09/2019,08:00,Kabelo,Primary sump
1254,06/09/2019,08:00,Kabelo,Primary sump
1255,09/09/2019,08:00,Kabelo,Primary sump
1256,10/09/2019,08:00,Kabelo,Primary sump
1257,11/09/2019,08:00,Kabelo,Primary sump
1258,12/09/2019,08:00,Kabelo,Primary sump
1259,13/09/2019,08:00,Kabelo,Primary sump
1260,16/09/2019,08:00,Kabelo,Primary sump
1261,17/09/2019,08:00,Kabelo,Primary sump
1262,18/09/2019,08:00,Kabelo,Primary sump
1263,19/09/2019,14:30,Kabelo,Primary sump
1264,20/09/2019,08:00,Kabelo,Primary sump
1265,23/09/2019,08:00,Kabelo,Primary sump
1266,25/09/2019,08:00,Kabelo,Primary sump
1267,26/09/2019,08:00,Kabelo,Primary sump
1268,27/09/2019,08:00,Kabelo,Primary sump
1269,30/09/2019,08:00,Kabelo,Primary sump
1270,01/09/2019,08:00,Kabelo,Primary sump
1271,02/09/2019,08:00,Kabelo,Primary sump
1272,02/10/2019,14:00,Lorna,Primary sump
1273,02/10/2019,16:00,Lorna,Primary sump
1274,03/10/2019,14:20,Lorna,Primary sump
1275,03/10/2019,16:00,Lorna,Primary sump
1276,04/10/2019,08:00,Kabelo,Primary sump
1277,07/10/2019,08:00,Pertunia,Primary sump
1278,08/10/2019,08:00,Kabelo,Primary sump
1279,09/10/2019,08:00,Kabelo,Primary sump
1280,10/10/2019,08:00,Kabelo,Primary sump
1281,11/10/2019,08:00,Kabelo,Primary sump
1282,14//10/2019,08:00,Kabelo,Primary sump
1283,15/10/2019,08:00,Kabelo,Primary sump
1284,16/10/2019,08:00,Jan,Primary sump
1285,17/10/2019,08:00,Jan,Primary sump
1286,18/10/2019,08:00,Jan,Primary sump
1287,21/10/2019,08:00,Jan,Primary sump
1288,22/10/2019,08:00,Pertunia,Primary sump
1289,23/10/2019,08:00,Pertunia,Primary sump
1290,24/10/2019,08:00,Kabelo,Primary sump
1291,25/10/2019,08:00,Kabelo,Primary sump
1292,28/10/2019,08:00,Kabelo,Primary sump
1293,29/10/2019,08:00,Jan,Primary sump
1294,30/10/2019,08:00,Kabelo,Primary sump
1295,31/10/2019,08:00,Kabelo,Primary sump
1296,01/11/2019,08:00,Kabelo,Primary sump
1297,04/11/2019,08:00,Kabelo,Primary sump
1298,05/11/2019,08:00,Kabelo,Primary sump
1299,06/11/2019,08:00,Kabelo,Primary sump
1300,07/11/2019,08:00,Kabelo,Primary sump
1301,08/11/2019,08:00,Kabelo,Primary sump
1302,11/11/2019,08:00,Kabelo,Primary sump
1303,12/11/2019,08:00,Kabelo,Primary sump
1304,13/11/2019,08:00,Kabelo,Primary sump
1305,14/11/2019,08:00,Kabelo,Primary sump
1306,14/11/2019,16:00,Kabelo,Primary sump
1307,15/11/2019,08:00,Kabelo,Primary sump
1308,18/11/2019,08:00,Kabelo,Primary sump
1309,19/11/2019,08:00,Kabelo,Primary sump
1310,20/11/2019,08:00,Pertunia,Primary sump
1311,20/11/2019,12:00,Pertunia,Primary sump
1312,20/11/2019,12:08,Pertunia,After Drumfilter
1313,20/11/2019,15:00,Pertunia,Primary sump
1314,20/11/2019,15:05,Pertunia,After Drumfilter
1315,21/11/2019,08:00,Kabelo,Primary sump
1316,21/11/201,08:10,Kabelo,After Drumfilter
1317,22/11/2019,08:00,Kabelo,Primary sump
1318,22/11/2019,08:00,Kabelo,After Drumfilter
1319,25/11/2019,08:00,Kabelo,Primary sump
1320,27/11/2019,08:00,Kabelo,Primary sump
1321,28/11/2019,08:00,Kabelo,Primary sump
1322,29/11/2019,08:00,Kabelo,Primary sump
1323,02/12/2019,08:00,Kabelo,Primary sump
1324,03/12/2019,08:00,Kabelo,Primary sump
1325,04/12/2019,08:00,Kabelo,Primary sump
1326,05/12/2019,12:45,Kabelo,Primary sump
1327,06/12/2019,08:00,Justin,Primary sump
1328,09/12/2019,08:00,Kabelo,Primary sump
1329,10/12/2019,08:00,Kabelo,Primary sump
1330,11/12/2019,08:00,Kabelo,Primary sump
1331,12/12/2019,08:00,Pertunia,Primary sump
1332,12/12/2019,12:00,Keenan,Primary sump
